id,as_id,pc_id,ana_pol_seq
3801,54429,151,0
3802,55847,151,1
3803,54430,151,2
3804,55848,151,3
3805,54431,151,4
3806,54432,151,5
3807,54433,151,6
3808,54434,151,7
3809,54435,151,8
3810,54436,151,9
3811,54437,151,10
3812,54438,151,11
3813,54439,151,12
3814,54440,151,13
3815,54441,151,14
3816,54442,151,15
3817,54443,151,16
3818,55868,151,17
3819,54444,151,18
3820,54445,151,19
3821,54446,151,20
3822,54447,151,21
3823,54448,151,22
3824,55843,151,23
3825,54449,151,24
3826,55872,151,25
3827,54451,151,26
3828,54452,151,27
3829,54453,151,28
3830,55862,151,29
3831,55863,151,30
3832,54454,151,31
3833,54403,152,0
3834,54404,152,1
3835,54405,152,2
3836,54406,152,3
3837,55864,152,4
3838,54407,152,5
3839,54408,152,6
3840,54409,152,7
3841,54410,152,8
3842,54411,152,9
3843,54412,152,10
3844,54413,152,11
3845,54414,152,12
3846,54415,152,13
3847,54416,152,14
3848,54417,152,15
3849,54418,152,16
3850,54419,152,17
3851,54420,152,18
3852,54421,152,19
3853,54422,152,20
3854,55824,153,0
3855,54547,153,1
3856,54548,153,2
3857,54549,153,3
3858,54550,153,4
3859,54551,153,5
3860,54552,153,6
3861,54553,153,7
3862,54554,153,8
3863,54555,153,9
3864,54556,153,10
3865,54557,153,11
3866,54558,153,12
3867,54559,153,13
3868,54560,153,14
3869,54499,154,6
3870,54500,170,0
3871,54501,170,1
3872,54502,170,2
3873,55866,298,0
3874,54489,298,1
3875,54490,154,2
3876,54498,154,3
3877,54424,154,1
3878,54425,154,4
3879,54426,154,5
3880,55834,299,0
3881,55865,299,1
3882,54427,299,2
3883,54428,299,3
3884,54423,154,0
3885,54520,155,0
3886,54521,155,1
3887,54522,155,2
3888,54523,155,3
3889,54542,155,4
3890,54475,156,0
3891,54476,156,1
3892,54477,156,2
3893,54478,156,3
3894,54479,156,4
3895,54480,156,5
3896,54481,156,6
3897,55844,156,7
3898,54482,156,8
3899,55845,156,9
3900,54483,156,10
3901,55846,156,11
3902,54484,156,12
3903,54485,156,13
3904,54486,156,14
3905,54487,156,15
3906,54488,156,16
3907,54491,157,0
3908,54492,157,1
3909,54493,157,2
3910,54494,157,3
3911,54495,157,4
3912,54496,157,5
3913,54497,157,6
3914,54376,158,0
3915,54377,158,1
3916,54378,158,2
3917,54379,158,3
3918,54380,158,4
3919,54381,158,5
3920,54382,158,6
3921,54383,158,7
3922,54384,158,8
3923,54385,158,9
3924,54386,158,10
3925,54387,158,11
3926,54388,158,12
3927,54389,158,13
3928,54390,158,14
3929,54391,158,15
3930,54392,158,16
3931,54216,158,17
3932,54217,158,18
3933,54218,158,19
3934,54219,158,20
3935,54220,158,21
3936,54221,158,22
3937,54393,158,23
3938,54394,158,24
3939,54395,158,25
3940,54396,158,26
3941,54513,159,0
3942,54514,159,1
3943,54515,159,2
3944,54516,159,3
3945,54517,159,4
3946,54518,159,5
3947,54519,159,6
3948,54576,160,0
3949,54577,160,1
3950,54578,160,2
3951,54579,160,3
3952,54580,160,4
3953,54581,160,5
3954,54582,160,6
3955,54583,160,7
3956,54584,160,8
3957,54585,160,9
3958,54634,161,0
3959,54635,161,1
3960,54636,161,2
3961,54637,161,3
3962,54638,161,4
3963,54639,161,5
3964,54640,161,6
3965,54641,161,7
3966,55839,161,8
3967,54642,161,9
3968,54643,161,10
3969,54644,161,11
3970,54645,161,12
3971,54646,161,13
3972,54647,161,14
3973,54648,161,15
3974,54649,161,16
3975,54650,161,17
3976,54651,161,18
3977,54652,161,19
3978,54599,162,0
3979,54600,162,1
3980,54601,162,2
3981,54602,162,3
3982,54603,162,4
3983,54604,162,5
3984,54605,162,6
3985,54606,162,7
3986,54607,162,8
3987,54608,162,9
3988,54609,162,10
3989,54610,162,11
3990,54611,162,12
3991,54612,162,13
3992,54613,162,14
3993,54614,162,15
3994,54615,162,16
3995,54616,162,17
3996,54617,162,18
3997,54618,162,19
3998,55858,162,20
3999,54619,162,21
4000,55859,162,22
4001,54620,162,23
4002,54621,162,24
4003,54622,162,25
4004,54623,162,26
4005,54624,162,27
4006,54625,162,28
4007,54626,162,29
4008,54627,162,30
4009,54628,162,31
4010,54629,162,32
4011,54630,162,33
4012,54631,162,34
4013,54656,163,0
4014,54657,163,1
4015,54658,163,2
4016,54659,163,3
4017,55873,164,0
4018,55874,164,1
4019,54450,164,2
4020,54473,164,3
4021,54474,164,4
4022,55805,165,0
4023,54524,165,1
4024,54525,165,2
4025,54526,165,3
4026,54527,165,4
4027,54528,165,5
4028,54529,165,6
4029,54530,165,7
4030,54531,165,8
4031,54532,165,9
4032,54533,165,10
4033,54534,165,11
4034,54543,166,0
4035,54544,166,1
4036,54545,166,2
4037,54546,166,3
4038,54397,167,0
4039,54398,167,1
4040,54399,167,2
4041,54400,167,3
4042,54401,167,4
4043,54402,167,5
4044,54540,168,0
4045,54541,168,1
4046,55804,169,0
4047,54561,169,1
4048,54571,300,7
4049,54568,300,4
4050,54569,300,5
4051,54570,300,6
4052,54564,300,0
4053,54565,300,1
4054,54566,300,2
4055,54567,300,3
4056,54562,169,10
4057,54563,169,11
4058,54572,300,8
4059,54573,300,9
4060,54574,300,10
4061,54575,300,11
4062,54535,301,0
4063,54536,301,1
4064,54537,301,2
4065,54538,301,3
4066,54539,301,4
4067,54632,302,0
4068,54633,302,1
4069,54653,303,0
4070,54503,170,3
4071,54504,170,4
4072,54505,170,5
4073,54506,170,6
4074,54507,170,7
4075,54508,170,8
4076,54509,170,9
4077,54510,170,10
4078,54511,170,11
4079,54512,170,12
4080,54362,171,0
4081,54363,171,1
4082,54364,171,2
4083,54365,171,3
4084,54366,171,4
4085,54367,171,5
4086,54368,171,6
4087,54369,171,7
4088,54370,171,8
4089,54371,171,9
4090,54372,171,10
4091,54373,171,11
4092,54374,171,12
4093,54375,171,13
4094,54663,172,0
4095,54664,172,1
4096,54666,172,2
4097,54667,172,3
4098,54668,172,4
4099,54349,173,0
4100,54350,173,1
4101,54351,173,2
4102,54213,173,3
4103,54214,173,4
4104,54215,173,5
4105,54352,173,6
4106,54353,173,7
4107,54354,173,8
4108,55809,174,0
4109,55856,174,1
4110,55810,174,2
4111,55811,174,3
4112,54347,174,4
4113,54348,174,5
4114,54464,174,6
4115,54465,174,7
4116,54694,175,0
4117,54695,175,1
4118,54696,175,2
4119,54697,175,3
4120,54698,175,4
4121,54699,175,5
4122,54700,175,6
4123,54701,175,7
4124,54702,175,8
4125,54703,175,9
4126,54704,175,10
4127,54705,175,11
4128,54706,175,12
4129,54707,175,13
4130,54708,175,14
4131,54709,175,15
4132,54710,175,16
4133,54711,175,17
4134,54712,175,18
4135,54713,175,19
4136,54714,175,20
4137,54715,175,21
4138,54716,175,22
4139,54717,175,23
4140,54718,175,24
4141,54719,175,25
4142,54720,175,26
4143,54721,175,27
4144,54722,175,28
4145,54723,175,29
4146,54724,175,30
4147,54725,175,31
4148,54726,175,32
4149,54727,175,33
4150,54728,175,34
4151,54729,175,35
4152,54730,175,36
4153,54731,175,37
4154,54732,175,38
4155,54733,175,39
4156,54734,175,40
4157,54735,175,41
4158,54736,175,42
4159,54737,175,43
4160,54738,175,44
4161,54739,175,45
4162,54740,175,46
4163,54741,175,47
4164,54742,175,48
4165,54743,175,49
4166,54744,175,50
4167,54745,175,51
4168,54746,175,52
4169,54747,175,53
4170,54748,175,54
4171,54749,175,55
4172,54750,175,56
4173,54751,175,57
4174,54299,176,0
4175,54300,176,1
4176,54301,176,2
4177,54302,176,3
4178,54303,176,4
4179,54304,176,5
4180,54305,176,6
4181,54306,176,7
4182,54307,176,8
4183,54308,176,9
4184,54309,176,10
4185,54310,176,11
4186,54311,176,12
4187,54312,176,13
4188,54313,176,14
4189,54314,176,15
4190,54315,176,16
4191,54316,176,17
4192,54317,176,18
4193,54318,176,19
4194,54319,176,20
4195,54320,176,21
4196,54321,176,22
4197,54322,176,23
4198,54323,176,24
4199,54324,176,25
4200,54325,176,26
4201,54326,176,27
4202,54327,176,28
4203,54328,176,29
4204,55825,176,30
4205,55826,176,31
4206,55827,176,32
4207,55828,176,33
4208,54331,176,34
4209,54332,176,35
4210,54333,176,36
4211,54334,176,37
4212,54335,176,38
4213,54336,176,39
4214,54337,176,40
4215,54338,176,41
4216,54339,176,42
4217,54340,176,43
4218,54341,176,44
4219,54342,176,45
4220,54343,176,46
4221,54344,176,47
4222,54345,176,48
4223,54346,176,49
4224,54458,176,50
4225,54459,176,51
4226,54460,176,52
4227,54461,176,53
4228,54329,176,54
4229,54330,176,55
4230,54462,176,56
4231,54463,176,57
4232,54471,176,58
4233,54801,177,0
4234,54802,177,1
4235,54803,177,2
4236,54804,177,3
4237,54805,177,4
4238,54806,177,5
4239,54807,177,6
4240,54808,177,7
4241,54809,177,8
4242,54756,178,0
4243,54757,178,1
4244,54758,178,2
4245,54759,178,3
4246,54760,178,4
4247,54761,178,5
4248,54762,178,6
4249,54763,178,7
4250,54764,178,8
4251,54765,178,9
4252,54766,178,10
4253,54767,178,11
4254,54768,178,12
4255,54769,178,13
4256,54770,178,14
4257,54771,178,15
4258,54772,178,16
4259,54773,178,17
4260,54774,178,18
4261,54775,178,19
4262,54776,178,20
4263,54789,179,0
4264,54790,179,1
4265,54791,179,2
4266,54792,179,3
4267,54793,179,4
4268,54794,179,5
4269,54795,179,6
4270,54796,179,7
4271,54797,179,8
4272,54798,179,9
4273,54799,179,10
4274,54800,179,11
4275,54777,180,0
4276,54778,180,1
4277,54779,180,2
4278,54780,180,3
4279,54781,180,4
4280,54782,180,5
4281,54784,180,6
4282,54785,180,7
4283,54786,180,8
4284,54787,180,9
4285,54788,180,10
4286,54783,180,11
4287,54752,181,0
4288,54753,181,1
4289,54754,181,2
4290,54755,181,3
4291,54586,182,0
4292,54587,182,1
4293,54588,182,2
4294,54589,182,3
4295,54590,182,4
4296,54591,182,5
4297,54592,182,6
4298,54593,182,7
4299,54594,182,8
4300,54595,182,9
4301,54596,182,10
4302,54597,182,11
4303,54598,182,12
4304,54680,182,13
4305,54681,182,14
4306,54669,183,0
4307,54670,183,1
4308,54671,183,2
4309,54672,183,3
4310,54673,183,4
4311,54674,183,5
4312,54675,183,6
4313,54676,183,7
4314,54660,184,0
4315,54661,184,1
4316,54662,184,2
4317,55775,184,3
4318,54677,185,0
4319,54678,185,1
4320,54679,185,2
4321,54654,186,0
4322,54655,186,1
4323,54355,187,0
4324,54356,187,1
4325,54357,187,2
4326,54358,187,3
4327,55806,187,4
4328,55807,187,5
4329,54472,187,6
4330,54359,187,7
4331,55800,187,8
4332,55808,187,9
4333,54466,187,10
4334,54467,187,11
4335,54665,187,12
4336,54360,187,13
4337,54361,187,14
4338,54682,188,0
4339,54693,188,1
4340,54692,188,2
4341,54683,188,3
4342,54684,188,4
4343,54685,188,5
4344,54686,188,6
4345,54687,188,7
4346,54688,188,8
4347,54689,188,9
4348,54690,188,10
4349,54691,188,11
4350,54251,189,0
4351,54252,189,1
4352,54253,189,2
4353,54254,189,3
4354,54255,189,4
4355,54256,189,5
4356,54257,189,6
4357,54258,189,7
4358,54259,189,8
4359,54260,189,9
4360,54261,189,10
4361,54262,189,11
4362,54263,189,12
4363,54264,189,13
4364,54456,189,14
4365,54267,189,15
4366,54268,189,16
4367,55830,189,17
4368,55831,189,18
4369,55832,189,19
4370,54269,189,20
4371,54270,189,21
4372,54271,189,22
4373,54272,189,23
4374,54273,189,24
4375,54274,189,25
4376,54275,189,26
4377,54276,189,27
4378,54277,189,28
4379,54278,189,29
4380,54279,189,30
4381,54280,189,31
4382,54281,189,32
4383,54282,189,33
4384,54283,189,34
4385,54284,189,35
4386,54285,189,36
4387,54286,189,37
4388,54287,189,38
4389,54288,189,39
4390,54289,189,40
4391,54290,189,41
4392,54291,189,42
4393,54292,189,43
4394,54293,189,44
4395,54294,189,45
4396,54295,189,46
4397,54296,189,47
4398,54297,189,48
4399,54298,189,49
4400,55781,190,0
4401,55782,190,1
4402,55014,190,2
4403,55013,190,3
4404,54894,190,4
4405,54895,190,5
4406,54995,190,6
4407,55011,190,7
4408,55012,190,8
4409,54896,190,9
4410,54897,190,10
4411,54898,190,11
4412,54899,190,12
4413,54900,190,13
4414,54901,190,14
4415,54902,190,15
4416,54903,190,16
4417,54904,190,17
4418,54905,190,18
4419,54906,190,19
4420,54996,190,20
4421,54222,191,0
4422,54223,191,1
4423,54224,191,2
4424,54225,191,3
4425,54226,191,4
4426,54227,191,5
4427,54228,191,6
4428,54229,191,7
4429,54230,191,8
4430,54231,191,9
4431,54232,191,10
4432,54233,191,11
4433,54234,191,12
4434,54235,191,13
4435,54236,191,14
4436,54237,191,15
4437,54455,191,16
4438,54239,191,17
4439,54240,191,18
4440,54241,191,19
4441,54242,191,20
4442,54243,191,21
4443,55871,191,22
4444,55017,191,23
4445,54244,191,24
4446,54245,191,25
4447,54246,191,26
4448,55849,191,27
4449,54247,191,28
4450,54248,191,29
4451,54249,191,30
4452,54250,191,31
4453,54817,192,0
4454,54818,192,1
4455,54819,192,2
4456,54820,192,3
4457,54821,192,4
4458,54822,192,5
4459,55132,193,0
4460,55133,193,1
4461,55134,193,2
4462,55135,193,3
4463,55836,193,4
4464,55136,193,5
4465,55137,193,6
4466,55778,193,7
4467,55779,193,8
4468,55835,194,0
4469,54826,194,1
4470,54827,194,2
4471,54828,194,3
4472,54829,194,4
4473,54830,194,5
4474,54831,194,6
4475,55822,194,7
4476,55823,194,8
4477,54832,194,9
4478,54833,194,10
4479,54834,194,11
4480,54835,194,12
4481,54836,194,13
4482,54837,194,14
4483,54838,194,15
4484,54839,194,16
4485,54840,194,17
4486,54841,194,18
4487,54842,194,19
4488,54843,194,20
4489,54844,194,21
4490,54845,194,22
4491,54846,194,23
4492,54847,194,24
4493,54848,194,25
4494,54849,194,26
4495,54850,194,27
4496,54851,194,28
4497,54852,194,29
4498,54853,194,30
4499,54854,194,31
4500,54855,194,32
4501,54856,194,33
4502,54857,194,34
4503,54858,194,35
4504,54859,194,36
4505,54860,194,37
4506,54861,194,38
4507,54862,194,39
4508,54863,194,40
4509,54864,194,41
4510,54865,194,42
4511,54866,194,43
4512,55138,195,0
4513,55139,195,1
4514,55168,195,2
4515,55169,195,3
4516,55170,195,4
4517,55140,195,5
4518,55141,195,6
4519,55142,195,7
4520,55143,195,8
4521,55144,195,9
4522,55145,195,10
4523,55146,195,11
4524,55147,195,12
4525,55148,195,13
4526,55149,195,14
4527,55150,195,15
4528,55151,195,16
4529,55152,195,17
4530,55153,195,18
4531,55154,195,19
4532,55155,195,20
4533,55156,195,21
4534,55157,195,22
4535,55158,195,23
4536,55159,195,24
4537,55160,195,25
4538,55161,195,26
4539,54029,196,0
4540,54030,196,1
4541,54031,196,2
4542,54032,196,3
4543,55034,197,0
4544,55035,197,1
4545,55036,197,2
4546,55037,197,3
4547,55038,197,4
4548,55039,197,5
4549,55040,197,6
4550,55041,197,7
4551,55042,197,8
4552,55043,197,9
4553,54033,199,0
4554,54034,199,1
4555,54035,199,2
4556,54036,199,3
4557,54037,199,4
4558,54038,199,5
4559,54001,200,0
4560,54002,200,1
4561,54003,200,2
4562,54004,200,3
4563,55184,201,0
4564,55185,201,1
4565,55186,201,2
4566,55187,201,3
4567,55188,201,4
4568,55189,201,5
4569,55190,201,6
4570,55191,201,7
4571,55192,201,8
4572,55193,201,9
4573,55194,201,10
4574,55195,201,11
4575,55173,202,0
4576,55174,202,1
4577,55175,202,2
4578,55176,202,3
4579,55177,202,4
4580,55206,202,5
4581,55207,202,6
4582,55208,202,7
4583,55209,202,8
4584,55210,202,9
4585,55211,202,10
4586,55212,202,11
4587,55213,202,12
4588,55214,202,13
4589,55215,202,14
4590,55202,203,0
4591,55203,203,1
4592,55204,203,2
4593,55784,203,3
4594,55785,203,4
4595,55852,203,5
4596,55786,203,6
4597,55787,203,7
4598,55788,203,8
4599,55789,203,9
4600,55790,203,10
4601,55196,204,0
4602,55197,204,1
4603,54086,216,5
4604,54084,216,4
4605,55216,204,4
4606,55217,204,5
4607,55218,204,6
4608,54810,205,0
4609,54811,205,1
4610,54812,205,2
4611,54813,205,3
4612,54814,205,4
4613,54815,205,5
4614,54816,205,6
4615,54823,206,0
4616,54824,206,1
4617,54825,206,2
4618,55833,206,3
4619,55178,207,0
4620,55179,207,1
4621,55180,207,2
4622,55181,207,3
4623,55182,207,4
4624,55183,207,5
4625,54203,208,0
4626,54204,208,1
4627,54205,208,2
4628,54206,208,3
4629,54207,208,4
4630,54208,208,5
4631,54209,208,6
4632,54210,208,7
4633,54211,208,8
4634,55020,209,0
4635,55021,209,1
4636,55022,209,2
4637,55023,209,3
4638,55024,209,4
4639,55025,209,5
4640,55026,209,6
4641,55027,209,7
4642,55028,209,8
4643,55029,209,9
4644,55812,209,10
4645,55813,209,11
4646,55815,209,12
4647,55816,209,13
4648,54868,210,0
4649,54869,210,1
4650,54870,210,2
4651,54871,210,3
4652,54872,210,4
4653,55673,211,0
4654,55674,211,1
4655,55675,211,2
4656,55676,211,3
4657,55677,211,4
4658,55678,211,5
4659,55679,211,6
4660,55814,212,0
4661,55777,212,1
4662,55817,212,2
4663,55030,212,3
4664,55031,212,4
4665,55032,212,5
4666,55033,212,6
4667,54005,213,0
4668,54006,213,1
4669,54007,213,2
4670,54008,213,3
4671,54009,213,4
4672,54010,213,5
4673,54011,213,6
4674,54012,213,7
4675,54013,213,8
4676,54014,213,9
4677,54015,213,10
4678,54016,213,11
4679,54017,213,12
4680,54018,213,13
4681,54019,213,14
4682,54020,213,15
4683,54021,213,16
4684,54022,213,17
4685,54023,213,18
4686,54024,213,19
4687,54025,213,20
4688,54026,213,21
4689,54027,213,22
4690,54028,213,23
4691,55171,214,0
4692,55172,214,1
4693,54867,214,2
4694,54087,215,0
4695,54088,215,1
4696,54089,215,2
4697,54080,216,0
4698,54081,216,1
4699,54082,216,2
4700,54083,216,3
4701,54085,216,6
4702,55198,217,0
4703,55199,217,1
4704,55205,217,2
4705,55200,218,0
4706,55201,218,1
4707,55002,219,0
4708,55003,219,1
4709,54238,219,2
4710,55857,219,3
4711,55004,219,4
4712,55005,219,5
4713,55006,219,6
4714,55007,219,7
4715,55008,219,8
4716,55009,219,9
4717,55010,219,10
4718,55015,220,0
4719,55016,220,1
4720,55018,220,2
4721,55019,220,3
4722,54873,221,0
4723,54874,221,1
4724,54875,221,2
4725,54876,221,3
4726,54877,221,4
4727,54878,221,5
4728,54879,221,6
4729,54880,221,7
4730,54881,221,8
4731,54882,221,9
4732,54883,221,10
4733,54884,221,11
4734,54885,221,12
4735,54886,221,13
4736,54887,221,14
4737,54090,222,0
4738,54091,222,1
4739,54888,223,0
4740,54889,223,1
4741,54890,223,2
4742,54891,223,3
4743,54892,223,4
4744,54893,223,5
4745,54265,223,6
4746,54266,223,7
4747,54470,223,8
4748,55854,223,9
4749,55869,223,10
4750,55870,223,11
4751,54468,223,12
4752,54469,223,13
4753,54457,223,14
4754,55351,224,0
4755,55352,224,1
4756,55353,224,2
4757,55354,224,3
4758,55355,224,4
4759,55356,224,5
4760,55357,224,6
4761,55358,224,7
4762,55359,224,8
4763,55333,225,0
4764,55334,225,1
4765,55335,225,2
4766,55336,225,3
4767,55337,225,4
4768,55338,225,5
4769,55339,225,6
4770,55340,225,7
4771,55341,225,8
4772,55342,225,9
4773,55343,225,10
4774,55344,225,11
4775,55345,225,12
4776,55346,225,13
4777,55347,225,14
4778,55348,225,15
4779,55349,225,16
4780,55350,225,17
4781,55324,226,0
4782,55325,226,1
4783,55326,226,2
4784,55327,226,3
4785,55328,226,4
4786,55329,226,5
4787,55330,226,6
4788,55331,226,7
4789,55332,226,8
4790,55044,227,0
4791,55045,227,1
4792,55046,227,2
4793,55047,227,3
4794,55048,227,4
4795,55049,227,5
4796,55050,227,6
4797,55051,227,7
4798,55052,227,8
4799,55053,227,9
4800,55054,227,10
4801,55055,227,11
4802,55056,227,12
4803,55057,227,13
4804,55058,227,14
4805,55059,227,15
4806,55060,227,16
4807,55265,228,0
4808,55266,228,1
4809,55267,228,2
4810,55268,228,3
4811,55269,228,4
4812,55270,228,5
4813,55371,229,0
4814,55372,229,1
4815,55373,229,2
4816,55374,229,3
4817,55375,229,4
4818,55376,229,5
4819,55377,229,6
4820,55378,229,7
4821,54039,230,0
4822,54040,230,1
4823,54041,230,2
4824,54042,230,3
4825,54043,230,4
4826,54044,230,5
4827,54045,230,6
4828,54046,230,7
4829,54047,230,8
4830,54048,230,9
4831,54049,230,10
4832,54050,230,11
4833,54051,230,12
4834,54052,230,13
4835,54053,230,14
4836,54054,230,15
4837,54055,230,16
4838,54056,230,17
4839,54057,230,18
4840,54058,230,19
4841,54059,230,20
4842,54060,230,21
4843,54061,230,22
4844,54062,230,23
4845,54063,230,24
4846,54064,230,25
4847,54065,230,26
4848,54066,230,27
4849,54067,230,28
4850,54068,230,29
4851,54069,230,30
4852,54070,230,31
4853,54071,230,32
4854,54072,230,33
4855,54073,230,34
4856,54074,230,35
4857,54075,230,36
4858,54076,230,37
4859,54077,230,38
4860,54078,230,39
4861,54079,230,40
4862,54908,231,0
4863,54909,231,1
4864,54910,231,2
4865,54911,231,3
4866,54912,231,4
4867,54913,231,5
4868,54914,231,6
4869,54915,231,7
4870,54916,231,8
4871,54917,231,9
4872,54918,231,10
4873,54919,231,11
4874,54920,231,12
4875,54921,231,13
4876,54922,231,14
4877,54923,231,15
4878,55242,232,0
4879,55243,232,1
4880,55244,232,2
4881,55245,232,3
4882,55246,232,4
4883,55247,232,5
4884,55248,232,6
4885,55249,232,7
4886,55250,232,8
4887,55251,232,9
4888,55252,232,10
4889,55253,232,11
4890,55254,232,12
4891,55255,232,13
4892,55256,232,14
4893,55257,232,15
4894,55258,232,16
4895,55853,233,0
4896,55861,233,1
4897,55819,233,2
4898,55820,233,3
4899,55850,234,0
4900,55237,234,1
4901,55238,234,2
4902,55821,234,3
4903,55239,234,4
4904,55240,234,5
4905,55241,234,6
4906,55454,235,0
4907,55455,235,1
4908,55456,235,2
4909,54928,235,3
4910,54929,235,4
4911,54930,235,5
4912,54999,235,6
4913,54998,235,7
4914,54931,235,8
4915,54932,235,9
4916,54933,235,10
4917,54934,235,11
4918,54935,235,12
4919,55263,235,13
4920,55264,235,14
4921,54924,235,15
4922,54925,235,16
4923,54926,235,17
4924,54927,235,18
4925,54997,235,19
4926,55259,235,20
4927,55260,235,21
4928,55261,235,22
4929,55262,235,23
4930,55322,235,24
4931,54946,236,0
4932,54947,236,1
4933,54948,236,2
4934,54945,236,3
4935,55488,237,0
4936,55489,237,1
4937,55490,237,2
4938,55480,237,3
4939,55491,237,4
4940,55492,237,5
4941,55493,237,6
4942,55494,237,7
4943,55495,237,8
4944,55496,237,9
4945,55497,237,10
4946,55498,237,11
4947,55499,237,12
4948,55500,237,13
4949,55501,237,14
4950,55502,237,15
4951,55503,237,16
4952,55504,237,17
4953,55505,237,18
4954,55162,238,0
4955,55163,238,1
4956,55164,238,2
4957,55165,238,3
4958,55166,238,4
4959,55167,238,5
4960,54936,239,0
4961,54937,239,1
4962,54938,239,2
4963,54939,239,3
4964,54940,239,4
4965,54941,239,5
4966,54942,239,6
4967,54943,239,7
4968,54944,239,8
4969,55506,240,0
4970,55507,240,1
4971,55519,241,0
4972,55520,241,1
4973,55521,241,2
4974,55522,241,3
4975,55523,241,4
4976,55524,241,5
4977,55525,241,6
4978,55526,241,7
4979,55527,241,8
4980,55528,241,9
4981,55529,241,10
4982,55530,241,11
4983,55531,241,12
4984,55532,241,13
4985,55533,241,14
4986,55534,241,15
4987,55535,241,16
4988,55536,241,17
4989,55783,241,18
4990,55537,241,19
4991,55458,242,0
4992,55459,242,1
4993,55460,242,2
4994,55461,242,3
4995,55462,242,4
4996,55463,242,5
4997,55464,242,6
4998,55465,242,7
4999,55466,242,8
5000,55467,242,9
5001,55468,242,10
5002,55469,242,11
5003,55470,242,12
5004,55471,242,13
5005,55472,242,14
5006,55473,242,15
5007,55474,242,16
5008,55457,242,17
5009,55379,243,0
5010,55380,243,1
5011,55381,243,2
5012,55382,243,3
5013,55383,243,4
5014,55384,243,5
5015,55385,243,6
5016,55386,243,7
5017,55387,243,8
5018,55818,243,9
5019,55388,243,10
5020,55389,243,11
5021,55390,243,12
5022,55391,243,13
5023,55392,243,14
5024,55393,243,15
5025,55394,243,16
5026,55395,243,17
5027,55396,243,18
5028,55397,243,19
5029,55398,243,20
5030,55399,243,21
5031,55475,244,0
5032,55476,244,1
5033,55477,244,2
5034,55478,244,3
5035,55479,244,4
5036,55860,244,5
5037,55481,244,6
5038,55482,244,7
5039,55483,244,8
5040,55840,244,9
5041,55484,244,10
5042,55801,245,0
5043,55829,245,1
5044,55803,245,2
5045,55802,245,3
5046,55219,245,4
5047,55220,245,5
5048,55221,245,6
5049,55222,245,7
5050,55223,245,8
5051,55224,245,9
5052,55225,245,10
5053,55236,245,11
5054,55226,245,12
5055,55227,245,13
5056,55228,245,14
5057,55229,245,15
5058,55230,245,16
5059,55231,245,17
5060,55232,245,18
5061,55233,245,19
5062,55234,245,20
5063,55235,245,21
5064,54092,246,0
5065,54093,246,1
5066,54094,246,2
5067,54095,246,3
5068,54096,246,4
5069,54907,247,0
5070,55510,247,1
5071,55511,247,2
5072,55512,247,3
5073,55513,247,4
5074,55514,247,5
5075,55508,247,6
5076,55509,247,7
5077,55515,247,8
5078,55516,247,9
5079,55517,247,10
5080,55518,247,11
5081,55453,247,12
5082,55370,247,13
5083,55323,247,14
5084,55776,247,15
5085,54097,248,0
5086,54098,248,1
5087,54099,248,2
5088,54100,249,0
5089,54101,249,1
5090,54102,249,2
5091,54103,249,3
5092,54104,249,4
5093,54108,250,0
5094,55575,250,1
5095,55576,250,2
5096,54109,250,3
5097,54128,251,0
5098,54129,251,1
5099,54130,251,2
5100,54131,251,3
5101,54132,251,4
5102,54133,251,5
5103,54134,251,6
5104,54135,251,7
5105,54136,251,8
5106,54137,251,9
5107,54138,251,10
5108,54139,251,11
5109,54140,251,12
5110,54190,252,0
5111,54191,252,1
5112,54192,252,2
5113,54193,252,3
5114,54196,252,4
5115,54194,252,5
5116,54195,252,6
5117,55571,263,17
5118,55572,263,18
5119,55573,263,19
5120,55418,254,7
5121,55419,254,8
5122,55420,254,9
5123,55601,252,13
5124,55602,252,14
5125,55603,252,15
5126,55604,252,16
5127,55590,253,0
5128,55591,253,1
5129,55592,253,2
5130,55593,253,3
5131,55594,253,4
5132,55595,253,5
5133,55411,254,0
5134,55412,254,1
5135,55413,254,2
5136,55414,254,3
5137,55415,254,4
5138,55416,254,5
5139,55417,254,6
5140,54123,255,0
5141,54124,255,1
5142,54125,255,2
5143,54126,255,3
5144,54127,255,4
5145,54167,256,0
5146,54181,256,1
5147,54168,256,2
5148,54169,256,3
5149,54170,256,4
5150,54171,256,5
5151,54172,256,6
5152,54173,256,7
5153,54182,256,8
5154,54183,256,9
5155,54184,256,10
5156,54185,256,11
5157,54186,256,12
5158,54174,256,13
5159,54175,256,14
5160,54176,256,15
5161,54187,256,16
5162,54177,256,17
5163,54178,256,18
5164,54188,256,19
5165,54179,256,20
5166,54180,256,21
5167,54189,256,22
5168,54949,256,23
5169,54950,256,24
5170,54951,256,25
5171,54952,256,26
5172,54953,256,27
5173,54119,257,0
5174,54120,257,1
5175,54121,257,2
5176,54122,257,3
5177,54164,258,0
5178,54165,258,1
5179,54954,258,2
5180,54955,258,3
5181,54956,258,4
5182,54957,258,5
5183,54958,258,6
5184,54959,258,7
5185,54960,258,8
5186,54961,258,9
5187,54962,258,10
5188,54963,258,11
5189,54964,258,12
5190,54965,258,13
5191,54966,258,14
5192,54967,258,15
5193,54968,258,16
5194,54969,259,0
5195,54970,259,1
5196,54971,259,2
5197,54972,259,3
5198,54973,259,4
5199,54974,259,5
5200,54975,259,6
5201,54976,259,7
5202,54977,259,8
5203,54978,259,9
5204,54979,259,10
5205,54980,259,11
5206,54981,259,12
5207,54982,259,13
5208,54983,259,14
5209,54984,259,15
5210,54985,259,16
5211,54986,259,17
5212,54987,259,18
5213,54988,259,19
5214,54989,259,20
5215,54990,259,21
5216,54991,259,22
5217,54992,259,23
5218,54993,259,24
5219,54994,259,25
5220,55578,260,0
5221,55579,260,1
5222,55580,260,2
5223,55581,260,3
5224,55582,260,4
5225,55837,260,5
5226,55838,260,6
5227,55583,260,7
5228,55584,260,8
5229,55585,260,9
5230,55586,260,10
5231,55851,260,11
5232,55587,260,12
5233,55588,260,13
5234,55589,260,14
5235,54110,261,0
5236,54111,261,1
5237,54112,261,2
5238,54113,261,3
5239,54114,261,4
5240,54115,261,5
5241,54116,261,6
5242,54117,261,7
5243,54118,261,8
5244,55596,262,0
5245,55597,262,1
5246,55598,262,2
5247,55599,262,3
5248,55600,262,4
5249,55605,262,5
5250,55606,262,6
5251,55607,262,7
5252,55608,262,8
5253,55609,262,9
5254,55610,262,10
5255,55611,262,11
5256,55612,262,12
5257,55555,263,0
5258,55556,263,1
5259,55557,263,2
5260,55574,263,3
5261,55558,263,4
5262,55559,263,5
5263,55560,263,6
5264,55561,263,7
5265,55562,263,8
5266,55563,263,9
5267,55564,263,10
5268,55565,263,11
5269,55566,263,12
5270,55567,263,13
5271,55568,263,14
5272,55569,263,15
5273,55570,263,16
5274,55631,264,0
5275,55632,264,1
5276,55633,264,2
5277,55634,264,3
5278,55635,264,4
5279,55636,264,5
5280,55637,264,6
5281,55638,264,7
5282,55639,264,8
5283,55640,264,9
5284,55641,264,10
5285,55642,264,11
5286,55643,264,12
5287,55644,264,13
5288,55645,264,14
5289,55614,265,0
5290,55867,265,1
5291,55615,265,2
5292,55616,265,3
5293,55617,265,4
5294,55618,265,5
5295,55619,265,6
5296,55620,265,7
5297,55621,265,8
5298,55622,265,9
5299,55623,265,10
5300,55624,265,11
5301,55625,265,12
5302,55626,265,13
5303,55627,265,14
5304,55628,265,15
5305,55629,265,16
5306,55630,265,17
5307,55669,266,0
5308,55657,266,1
5309,55658,266,2
5310,55659,266,3
5311,55660,266,4
5312,55661,266,5
5313,55662,266,6
5314,55663,266,7
5315,55664,266,8
5316,55665,266,9
5317,55666,266,10
5318,55841,266,11
5319,55667,266,12
5320,55842,266,13
5321,55668,266,14
5322,55653,267,0
5323,55654,267,1
5324,55655,267,2
5325,55656,267,3
5326,55538,268,0
5327,55539,268,1
5328,55540,268,2
5329,55541,268,3
5330,55542,268,4
5331,55543,268,5
5332,55544,268,6
5333,55545,268,7
5334,55546,268,8
5335,55547,268,9
5336,55548,269,0
5337,55549,269,1
5338,55550,269,2
5339,55551,269,3
5340,55552,269,4
5341,55553,269,5
5342,55554,269,6
5343,55791,270,0
5344,55792,270,1
5345,55793,270,2
5346,55794,270,3
5347,55795,270,4
5348,55796,270,5
5349,55797,270,6
5350,55798,270,7
5351,55799,270,8
5352,55646,270,9
5353,55647,270,10
5354,55648,270,11
5355,55649,270,12
5356,55650,270,13
5357,55651,270,14
5358,55652,270,15
5359,54105,271,0
5360,54106,271,1
5361,54107,271,2
5362,54162,272,0
5363,54163,272,1
5364,54166,272,2
5365,55000,272,3
5366,55001,272,4
5367,55577,273,0
5368,55305,274,0
5369,55306,274,1
5370,55307,274,2
5371,55308,274,3
5372,55309,274,4
5373,55310,274,5
5374,55311,274,6
5375,55312,274,7
5376,55313,274,8
5377,55314,274,9
5378,55315,274,10
5379,55316,274,11
5380,55317,274,12
5381,55318,274,13
5382,55319,274,14
5383,55320,274,15
5384,55321,274,16
5385,55271,276,0
5386,55272,276,1
5387,55273,276,2
5388,55274,276,3
5389,55275,276,4
5390,55276,276,5
5391,55277,276,6
5392,55278,276,7
5393,55279,276,8
5394,55280,276,9
5395,55281,276,10
5396,55282,276,11
5397,55283,276,12
5398,55284,276,13
5399,55285,276,14
5400,55286,276,15
5401,55287,276,16
5402,55288,276,17
5403,55289,276,18
5404,55290,276,19
5405,55291,276,20
5406,55292,276,21
5407,55293,276,22
5408,55294,276,23
5409,55295,276,24
5410,55296,276,25
5411,55297,276,26
5412,55298,276,27
5413,55299,276,28
5414,55300,276,29
5415,55301,276,30
5416,55302,276,31
5417,55303,276,32
5418,55304,276,33
5419,55700,277,0
5420,55701,277,1
5421,55702,277,2
5422,55703,277,3
5423,55704,277,4
5424,55705,277,5
5425,55706,277,6
5426,55707,277,7
5427,55708,277,8
5428,55709,277,9
5429,55710,277,10
5430,55711,277,11
5431,55400,278,0
5432,55401,278,1
5433,55402,278,2
5434,55403,278,3
5435,55404,278,4
5436,55405,278,5
5437,55406,278,6
5438,55407,278,7
5439,55408,278,8
5440,55409,278,9
5441,55410,278,10
5442,54142,279,0
5443,54143,279,1
5444,54144,279,2
5445,54145,279,3
5446,54146,279,4
5447,54147,279,5
5448,54148,279,6
5449,54149,279,7
5450,54150,279,8
5451,54151,279,9
5452,54152,279,10
5453,54153,279,11
5454,54154,279,12
5455,54155,279,13
5456,54156,279,14
5457,54157,279,15
5458,54158,279,16
5459,54159,279,17
5460,54160,279,18
5461,54161,279,19
5462,55083,280,0
5463,55084,280,1
5464,55085,280,2
5465,55086,280,3
5466,55087,280,4
5467,55088,280,5
5468,55089,280,6
5469,55090,280,7
5470,55091,280,8
5471,55092,280,9
5472,55093,280,10
5473,55094,280,11
5474,55095,280,12
5475,55096,280,13
5476,55097,280,14
5477,55098,280,15
5478,55099,280,16
5479,55100,280,17
5480,55101,280,18
5481,55102,280,19
5482,55103,280,20
5483,55104,280,21
5484,55105,280,22
5485,55106,280,23
5486,55107,280,24
5487,55108,280,25
5488,55109,280,26
5489,55110,280,27
5490,55111,280,28
5491,55112,280,29
5492,55113,280,30
5493,55114,280,31
5494,55115,280,32
5495,55129,280,33
5496,54212,280,34
5497,55130,280,35
5498,55131,280,36
5499,55712,281,0
5500,55713,281,1
5501,55714,281,2
5502,55123,281,3
5503,55124,281,4
5504,55125,281,5
5505,55126,281,6
5506,55127,281,7
5507,55073,282,0
5508,55074,282,1
5509,55075,282,2
5510,55076,282,3
5511,55077,282,4
5512,55078,282,5
5513,55079,282,6
5514,55080,282,7
5515,55081,282,8
5516,55082,282,9
5517,55118,282,10
5518,55119,282,11
5519,55120,282,12
5520,55121,282,13
5521,55122,282,14
5522,55428,283,0
5523,55429,283,1
5524,55430,283,2
5525,55431,283,3
5526,55432,283,4
5527,55433,283,5
5528,55434,283,6
5529,55435,283,7
5530,55436,283,8
5531,55437,283,9
5532,55438,283,10
5533,55439,283,11
5534,55440,283,12
5535,55485,283,13
5536,55486,283,14
5537,55487,283,15
5538,55441,283,16
5539,55442,283,17
5540,55443,283,18
5541,55444,283,19
5542,55445,283,20
5543,55446,283,21
5544,55447,283,22
5545,55448,283,23
5546,55449,283,24
5547,55450,283,25
5548,55451,283,26
5549,55452,283,27
5550,55875,284,0
5551,55855,284,1
5552,54199,284,2
5553,54200,284,3
5554,54201,284,4
5555,54202,284,5
5556,55424,284,6
5557,55425,284,7
5558,55426,284,8
5559,55427,284,9
5560,55421,284,10
5561,55422,284,11
5562,55423,284,12
5563,55116,284,13
5564,55117,284,14
5565,55780,284,15
5566,55061,285,0
5567,55062,285,1
5568,55063,285,2
5569,55064,285,3
5570,55065,285,4
5571,55066,285,5
5572,55067,285,6
5573,55068,285,7
5574,55069,285,8
5575,55070,285,9
5576,55071,285,10
5577,55072,285,11
5578,55771,286,0
5579,55772,286,1
5580,55773,286,2
5581,55774,286,3
5582,55694,287,0
5583,55695,287,1
5584,55696,287,2
5585,55697,287,3
5586,55698,287,4
5587,55699,287,5
5588,55742,288,0
5589,55743,288,1
5590,55744,288,2
5591,55745,288,3
5592,55128,289,0
5593,55716,289,1
5594,55717,289,2
5595,55718,289,3
5596,55719,289,4
5597,55720,289,5
5598,55721,289,6
5599,55722,289,7
5600,55723,289,8
5601,55724,289,9
5602,55725,289,10
5603,55726,289,11
5604,55727,289,12
5605,55728,289,13
5606,55729,289,14
5607,55730,289,15
5608,55731,289,16
5609,55732,289,17
5610,55733,289,18
5611,55715,289,19
5612,55680,290,0
5613,55681,290,1
5614,55682,290,2
5615,55683,290,3
5616,55684,290,4
5617,55685,290,5
5618,55686,290,6
5619,55687,290,7
5620,55688,290,8
5621,55689,290,9
5622,55690,290,10
5623,55691,290,11
5624,55692,290,12
5625,55693,290,13
5626,55734,291,0
5627,55735,291,1
5628,55736,291,2
5629,55737,291,3
5630,55738,291,4
5631,55739,291,5
5632,55740,291,6
5633,55741,291,7
5634,55752,292,0
5635,55753,292,1
5636,55754,292,2
5637,55755,292,3
5638,55756,292,4
5639,55757,292,5
5640,55758,292,6
5641,55759,292,7
5642,55760,292,8
5643,55761,292,9
5644,55762,292,10
5645,55763,292,11
5646,55764,292,12
5647,55765,292,13
5648,55766,292,14
5649,55767,292,15
5650,55768,292,16
5651,55769,292,17
5652,55770,292,18
5653,55360,293,0
5654,55361,293,1
5655,55362,293,2
5656,55363,293,3
5657,55364,293,4
5658,55365,293,5
5659,55366,293,6
5660,55367,293,7
5661,55368,293,8
5662,55369,293,9
5663,55746,294,0
5664,55747,294,1
5665,55748,294,2
5666,55749,294,3
5667,55750,294,4
5668,55751,294,5
5669,54141,295,0
5670,55670,296,0
5671,55671,296,1
5672,55672,296,2
5673,55613,297,0
5674,54197,297,1
5675,54198,297,2
5701,58012,208,0
5702,58013,208,1
5703,58014,208,2
5704,58015,208,3
5705,58016,208,4
5706,58017,208,5
5707,58018,208,6
5708,58019,208,7
5709,58020,208,8
5710,58021,208,9
5711,58690,210,0
5712,58691,210,1
5713,58692,210,2
5714,58693,210,3
5715,59629,241,12
5716,59724,253,5
5717,59726,253,6
5718,59717,152,3
5719,58218,152,4
5720,59723,299,2
5721,59725,299,3
5722,58240,151,0
5723,59699,151,1
5724,58241,151,2
5725,59700,151,3
5726,58242,151,4
5727,58243,151,5
5728,58244,151,6
5729,58245,151,7
5730,58246,151,8
5731,58247,151,9
5732,58248,151,10
5733,58249,151,11
5734,58250,151,12
5735,58251,151,13
5736,58252,151,14
5737,58253,151,15
5738,58254,151,16
5739,58255,151,17
5740,58256,151,18
5741,59719,151,19
5742,58257,151,20
5743,58258,151,21
5744,58259,151,22
5745,58260,151,23
5746,58261,151,24
5747,59695,151,25
5748,58262,151,26
5749,59721,151,27
5750,58264,151,28
5751,58265,151,29
5752,58266,151,30
5753,59713,151,31
5754,59714,151,32
5755,58267,151,33
5756,58215,152,0
5757,58216,152,1
5758,58217,152,2
5759,58219,152,5
5760,58220,152,6
5761,58221,152,7
5762,58222,152,8
5763,58223,152,9
5764,58224,152,10
5765,58225,152,11
5766,58226,152,12
5767,58227,152,13
5768,58228,152,14
5769,58229,152,15
5770,58230,152,16
5771,58231,152,17
5772,58232,152,18
5773,58233,152,19
5774,58234,152,20
5775,59674,153,0
5776,58362,153,1
5777,58363,153,2
5778,58364,153,3
5779,58365,153,4
5780,58366,153,5
5781,58367,153,6
5782,58368,153,7
5783,58369,153,8
5784,58370,153,9
5785,58371,153,10
5786,58372,153,11
5787,58373,153,12
5788,58374,153,13
5789,58375,153,14
5790,58376,153,15
5791,58377,153,16
5792,58312,154,0
5793,58236,154,1
5794,58304,154,2
5795,58237,154,3
5796,58238,154,4
5797,58313,154,5
5798,58235,154,6
5799,58335,155,0
5800,58336,155,1
5801,58337,155,2
5802,58338,155,3
5803,58357,155,4
5804,58289,156,0
5805,58290,156,1
5806,58291,156,2
5807,58292,156,3
5808,58293,156,4
5809,58294,156,5
5810,58295,156,6
5811,59696,156,7
5812,58296,156,8
5813,59697,156,9
5814,58297,156,10
5815,59698,156,11
5816,58298,156,12
5817,58299,156,13
5818,58300,156,14
5819,58301,156,15
5820,58302,156,16
5821,58305,157,0
5822,58306,157,1
5823,58307,157,2
5824,58308,157,3
5825,58309,157,4
5826,58310,157,5
5827,58311,157,6
5828,58188,158,0
5829,58189,158,1
5830,58190,158,2
5831,58191,158,3
5832,58192,158,4
5833,58193,158,5
5834,58194,158,6
5835,58195,158,7
5836,58196,158,8
5837,58197,158,9
5838,58198,158,10
5839,58199,158,11
5840,58200,158,12
5841,58201,158,13
5842,58202,158,14
5843,58203,158,15
5844,58204,158,16
5845,58026,158,17
5846,58027,158,18
5847,58028,158,19
5848,58029,158,20
5849,58030,158,21
5850,58031,158,22
5851,58032,158,23
5852,58205,158,24
5853,58206,158,25
5854,58207,158,26
5855,58208,158,27
5856,58328,159,0
5857,58329,159,1
5858,58330,159,2
5859,58331,159,3
5860,58332,159,4
5861,58333,159,5
5862,58334,159,6
5863,58393,160,0
5864,58394,160,1
5865,58395,160,2
5866,58396,160,3
5867,58397,160,4
5868,58398,160,5
5869,58399,160,6
5870,58400,160,7
5871,58401,160,8
5872,58402,160,9
5873,58403,160,10
5874,58452,161,0
5875,58453,161,1
5876,58454,161,2
5877,58455,161,3
5878,58456,161,4
5879,58457,161,5
5880,58458,161,6
5881,58459,161,7
5882,59691,161,8
5883,58460,161,9
5884,58461,161,10
5885,58462,161,11
5886,58463,161,12
5887,58464,161,13
5888,58465,161,14
5889,58466,161,15
5890,58467,161,16
5891,58468,161,17
5892,58469,161,18
5893,58470,161,19
5894,58417,162,0
5895,58418,162,1
5896,58419,162,2
5897,58420,162,3
5898,58421,162,4
5899,58422,162,5
5900,58423,162,6
5901,58424,162,7
5902,58425,162,8
5903,58426,162,9
5904,58427,162,10
5905,58428,162,11
5906,58429,162,12
5907,58430,162,13
5908,58431,162,14
5909,58432,162,15
5910,58433,162,16
5911,58434,162,17
5912,58435,162,18
5913,58436,162,19
5914,59709,162,20
5915,58437,162,21
5916,59710,162,22
5917,58438,162,23
5918,58439,162,24
5919,58440,162,25
5920,58441,162,26
5921,58442,162,27
5922,58443,162,28
5923,58444,162,29
5924,58445,162,30
5925,58446,162,31
5926,58447,162,32
5927,58448,162,33
5928,58449,162,34
5929,58475,163,0
5930,58476,163,1
5931,58477,163,2
5932,58478,163,3
5933,58479,163,4
5934,59722,164,0
5935,58263,164,1
5936,58287,164,2
5937,58288,164,3
5938,59655,165,0
5939,58339,165,1
5940,58340,165,2
5941,58341,165,3
5942,58342,165,4
5943,58343,165,5
5944,58344,165,6
5945,58345,165,7
5946,58346,165,8
5947,58347,165,9
5948,58348,165,10
5949,58349,165,11
5950,58358,166,0
5951,58359,166,1
5952,58360,166,2
5953,58361,166,3
5954,58209,167,0
5955,58210,167,1
5956,58211,167,2
5957,58212,167,3
5958,58213,167,4
5959,58214,167,5
5960,58355,168,0
5961,58356,168,1
5962,59654,169,0
5963,58378,169,1
5964,58379,169,2
5965,58380,169,3
5966,58314,170,0
5967,58315,170,1
5968,58316,170,2
5969,58317,170,3
5970,58318,170,4
5971,58319,170,5
5972,58320,170,6
5973,58321,170,7
5974,58322,170,8
5975,58323,170,9
5976,58324,170,10
5977,58325,170,11
5978,58326,170,12
5979,58327,170,13
5980,59716,298,0
5981,58303,298,1
5982,59685,299,0
5983,59686,299,1
5984,58239,299,4
5985,59715,299,5
5986,58385,300,0
5987,58386,300,1
5988,58387,300,2
5989,58388,300,3
5990,58381,300,4
5991,58382,300,5
5992,58383,300,6
5993,58384,300,7
5994,58389,300,8
5995,58390,300,9
5996,58391,300,10
5997,58392,300,11
5998,58350,301,0
5999,58351,301,1
6000,58352,301,2
6001,58353,301,3
6002,58354,301,4
6003,58450,302,0
6004,58451,302,1
6005,58471,303,0
6006,58174,171,0
6007,58175,171,1
6008,58176,171,2
6009,58177,171,3
6010,58178,171,4
6011,58179,171,5
6012,58180,171,6
6013,58181,171,7
6014,58182,171,8
6015,58183,171,9
6016,58184,171,10
6017,58185,171,11
6018,58186,171,12
6019,58187,171,13
6020,58483,172,0
6021,58484,172,1
6022,58486,172,2
6023,58487,172,3
6024,58488,172,4
6025,58161,173,0
6026,58162,173,1
6027,58163,173,2
6028,58023,173,3
6029,58024,173,4
6030,58025,173,5
6031,58164,173,6
6032,58165,173,7
6033,58166,173,8
6034,59659,174,0
6035,59707,174,1
6036,59660,174,2
6037,59661,174,3
6038,58159,174,4
6039,58160,174,5
6040,58278,174,6
6041,58279,174,7
6042,58514,175,0
6043,58515,175,1
6044,58516,175,2
6045,58517,175,3
6046,58518,175,4
6047,58519,175,5
6048,58520,175,6
6049,58521,175,7
6050,58522,175,8
6051,58523,175,9
6052,58524,175,10
6053,58525,175,11
6054,58526,175,12
6055,58527,175,13
6056,58528,175,14
6057,58529,175,15
6058,58530,175,16
6059,58531,175,17
6060,58532,175,18
6061,58533,175,19
6062,58534,175,20
6063,58535,175,21
6064,58536,175,22
6065,58537,175,23
6066,58538,175,24
6067,58539,175,25
6068,58540,175,26
6069,58541,175,27
6070,58542,175,28
6071,58543,175,29
6072,58544,175,30
6073,58545,175,31
6074,58546,175,32
6075,58547,175,33
6076,58548,175,34
6077,58549,175,35
6078,58550,175,36
6079,58551,175,37
6080,58552,175,38
6081,58553,175,39
6082,58554,175,40
6083,58555,175,41
6084,58556,175,42
6085,58557,175,43
6086,58558,175,44
6087,58559,175,45
6088,58560,175,46
6089,58561,175,47
6090,58562,175,48
6091,58563,175,49
6092,58564,175,50
6093,58565,175,51
6094,58566,175,52
6095,58567,175,53
6096,58568,175,54
6097,58569,175,55
6098,58570,175,56
6099,58571,175,57
6100,58110,176,0
6101,58111,176,1
6102,58112,176,2
6103,58113,176,3
6104,58114,176,4
6105,58115,176,5
6106,58116,176,6
6107,58117,176,7
6108,58118,176,8
6109,58119,176,9
6110,58120,176,10
6111,58121,176,11
6112,58122,176,12
6113,58123,176,13
6114,58124,176,14
6115,58125,176,15
6116,58126,176,16
6117,58127,176,17
6118,58128,176,18
6119,58129,176,19
6120,58130,176,20
6121,58131,176,21
6122,58132,176,22
6123,58133,176,23
6124,58134,176,24
6125,58135,176,25
6126,58136,176,26
6127,58137,176,27
6128,58138,176,28
6129,58139,176,29
6130,59675,176,30
6131,59676,176,31
6132,59677,176,32
6133,59678,176,33
6134,58143,176,34
6135,58144,176,35
6136,58145,176,36
6137,58146,176,37
6138,58147,176,38
6139,58148,176,39
6140,58149,176,40
6141,58150,176,41
6142,58151,176,42
6143,58152,176,43
6144,58153,176,44
6145,58154,176,45
6146,58155,176,46
6147,58156,176,47
6148,58157,176,48
6149,58158,176,49
6150,58272,176,50
6151,58273,176,51
6152,58274,176,52
6153,58275,176,53
6154,58140,176,54
6155,58141,176,55
6156,58142,176,56
6157,58276,176,57
6158,58277,176,58
6159,58285,176,59
6160,58623,177,0
6161,58624,177,1
6162,58625,177,2
6163,58626,177,3
6164,58627,177,4
6165,58628,177,5
6166,58629,177,6
6167,58630,177,7
6168,58631,177,8
6169,58576,178,0
6170,58577,178,1
6171,58578,178,2
6172,58579,178,3
6173,58580,178,4
6174,58581,178,5
6175,58582,178,6
6176,58583,178,7
6177,58584,178,8
6178,58585,178,9
6179,58586,178,10
6180,58587,178,11
6181,58588,178,12
6182,58589,178,13
6183,58590,178,14
6184,58591,178,15
6185,58592,178,16
6186,58593,178,17
6187,58594,178,18
6188,58595,178,19
6189,58596,178,20
6190,58611,179,0
6191,58612,179,1
6192,58613,179,2
6193,58614,179,3
6194,58615,179,4
6195,58616,179,5
6196,58617,179,6
6197,58618,179,7
6198,58619,179,8
6199,58620,179,9
6200,58621,179,10
6201,58622,179,11
6202,58597,180,0
6203,58598,180,1
6204,58599,180,2
6205,58600,180,3
6206,58601,180,4
6207,58602,180,5
6208,58603,180,6
6209,58605,180,7
6210,58606,180,8
6211,58607,180,9
6212,58608,180,10
6213,58609,180,11
6214,58610,180,12
6215,58604,180,13
6216,58572,181,0
6217,58573,181,1
6218,58574,181,2
6219,58575,181,3
6220,58404,182,0
6221,58405,182,1
6222,58406,182,2
6223,58407,182,3
6224,58408,182,4
6225,58409,182,5
6226,58410,182,6
6227,58411,182,7
6228,58412,182,8
6229,58413,182,9
6230,58414,182,10
6231,58415,182,11
6232,58416,182,12
6233,58500,182,13
6234,58501,182,14
6235,58489,183,0
6236,58490,183,1
6237,58491,183,2
6238,58492,183,3
6239,58493,183,4
6240,58494,183,5
6241,58495,183,6
6242,58496,183,7
6243,58480,184,0
6244,58481,184,1
6245,58482,184,2
6246,59621,184,3
6247,58497,185,0
6248,58498,185,1
6249,58499,185,2
6250,58472,186,0
6251,58473,186,1
6252,58474,186,2
6253,58167,187,0
6254,58168,187,1
6255,58169,187,2
6256,58170,187,3
6257,59656,187,4
6258,59657,187,5
6259,58286,187,6
6260,58171,187,7
6261,58172,187,8
6262,58173,187,9
6263,59658,187,10
6264,58280,187,11
6265,58281,187,12
6266,58485,187,13
6267,59650,187,14
6268,58502,188,0
6269,58503,188,1
6270,58504,188,2
6271,58505,188,3
6272,58506,188,4
6273,58507,188,5
6274,58508,188,6
6275,58509,188,7
6276,58510,188,8
6277,58511,188,9
6278,58513,188,10
6279,58512,188,11
6280,58062,189,0
6281,58063,189,1
6282,58064,189,2
6283,58065,189,3
6284,58066,189,4
6285,58067,189,5
6286,58068,189,6
6287,58069,189,7
6288,58070,189,8
6289,58071,189,9
6290,58072,189,10
6291,58073,189,11
6292,58074,189,12
6293,58075,189,13
6294,58269,189,14
6295,58270,189,15
6296,58078,189,16
6297,58079,189,17
6298,59681,189,18
6299,59682,189,19
6300,59683,189,20
6301,58080,189,21
6302,58081,189,22
6303,58082,189,23
6304,58083,189,24
6305,58084,189,25
6306,58085,189,26
6307,58086,189,27
6308,58087,189,28
6309,58088,189,29
6310,58089,189,30
6311,58090,189,31
6312,58091,189,32
6313,58092,189,33
6314,58093,189,34
6315,58094,189,35
6316,58095,189,36
6317,58096,189,37
6318,58097,189,38
6319,58098,305,0
6320,58099,189,40
6321,58100,189,41
6322,58101,189,42
6323,58102,189,43
6324,58103,189,44
6325,58104,189,45
6326,58105,189,46
6327,58106,189,47
6328,58107,189,48
6329,58108,189,49
6330,58109,189,50
6331,59627,190,0
6332,59628,190,1
6333,58839,190,2
6334,58838,190,3
6335,58715,190,4
6336,58716,190,5
6337,58717,190,6
6338,58718,190,7
6339,58719,190,8
6340,58720,190,9
6341,58721,190,10
6342,58722,190,11
6343,58723,190,12
6344,58724,190,13
6345,58725,190,14
6346,58726,190,15
6347,58727,190,16
6348,58728,190,17
6349,58729,190,18
6350,58820,190,19
6351,58836,190,20
6352,58837,190,21
6353,58821,190,22
6354,58033,191,0
6355,58034,191,1
6356,58035,191,2
6357,58036,191,3
6358,58037,191,4
6359,58038,191,5
6360,58039,191,6
6361,58040,191,7
6362,58041,191,8
6363,58042,191,9
6364,58043,191,10
6365,58044,191,11
6366,58045,191,12
6367,58046,191,13
6368,58047,191,14
6369,58048,191,15
6370,58268,191,16
6371,58050,191,17
6372,58051,191,18
6373,58052,191,19
6374,58053,191,20
6375,58054,191,21
6376,58055,191,22
6377,58056,191,23
6378,58057,191,24
6379,59701,191,25
6380,58058,191,26
6381,58059,191,27
6382,58060,191,28
6383,58061,191,29
6384,58842,191,30
6385,59720,191,31
6386,58639,192,0
6387,58640,192,1
6388,58641,192,2
6389,58642,192,3
6390,58643,192,4
6391,58644,192,5
6392,58962,193,0
6393,58963,193,1
6394,58964,193,2
6395,58965,193,3
6396,59688,304,0
6397,58966,193,5
6398,58967,193,6
6399,59624,193,7
6400,59625,193,8
6401,59687,194,0
6402,58648,194,1
6403,58649,194,2
6404,58650,194,3
6405,58651,194,4
6406,58652,194,5
6407,58653,194,6
6408,59672,194,7
6409,59673,194,8
6410,58654,194,9
6411,58655,194,10
6412,58656,194,11
6413,58657,194,12
6414,58658,194,13
6415,58659,194,14
6416,58660,194,15
6417,58661,194,16
6418,58662,194,17
6419,58663,194,18
6420,58664,194,19
6421,58665,194,20
6422,58666,194,21
6423,58667,194,22
6424,58668,194,23
6425,58669,194,24
6426,58670,194,25
6427,58671,194,26
6428,58672,194,27
6429,58673,194,28
6430,58674,194,29
6431,58675,194,30
6432,58676,194,31
6433,58677,194,32
6434,58678,194,33
6435,58679,194,34
6436,58680,194,35
6437,58681,194,36
6438,58682,194,37
6439,58683,194,38
6440,58684,194,39
6441,58685,194,40
6442,58686,194,41
6443,58687,194,42
6444,58688,194,43
6445,58968,195,0
6446,58969,195,1
6447,59000,195,2
6448,59001,195,3
6449,59002,195,4
6450,58970,195,5
6451,58971,195,6
6452,58972,195,7
6453,58973,195,8
6454,58974,195,9
6455,58975,195,10
6456,58976,195,11
6457,58977,195,12
6458,58978,195,13
6459,58979,195,14
6460,58980,195,15
6461,58981,195,16
6462,58982,195,17
6463,58983,195,18
6464,58984,195,19
6465,58985,195,20
6466,58986,195,21
6467,58987,195,22
6468,58988,195,23
6469,58989,195,24
6470,58990,195,25
6471,58991,195,26
6472,58992,195,27
6473,58993,195,28
6474,57833,196,0
6475,57834,196,1
6476,57835,196,2
6477,57836,196,3
6478,57837,196,4
6479,58862,197,0
6480,58863,197,1
6481,58864,197,2
6482,58865,197,3
6483,58866,197,4
6484,58867,197,5
6485,58868,197,6
6486,58869,197,7
6487,58870,197,8
6488,58871,197,9
6489,57838,199,0
6490,57839,199,1
6491,57840,199,2
6492,57841,199,3
6493,57842,199,4
6494,57843,199,5
6495,57801,200,0
6496,57802,200,1
6497,57803,200,2
6498,57804,200,3
6499,57805,200,4
6500,57806,200,5
6501,59016,201,0
6502,59017,201,1
6503,59018,201,2
6504,59019,201,3
6505,59020,201,4
6506,59021,201,5
6507,59022,201,6
6508,59023,201,7
6509,59024,201,8
6510,59025,201,9
6511,59026,201,10
6512,59027,201,11
6513,59005,202,0
6514,59006,202,1
6515,59007,202,2
6516,59008,202,3
6517,59009,202,4
6518,59038,202,5
6519,59039,202,6
6520,59040,202,7
6521,59041,202,8
6522,59042,202,9
6523,59043,202,10
6524,59044,202,11
6525,59045,202,12
6526,59046,202,13
6527,59047,202,14
6528,59034,203,0
6529,59035,203,1
6530,59036,203,2
6531,59633,203,3
6532,59634,203,4
6533,59704,203,5
6534,59635,203,6
6535,59636,203,7
6536,59637,203,8
6537,59638,203,9
6538,59639,203,10
6539,59028,204,0
6540,59029,204,1
6541,59048,204,2
6542,59049,204,3
6543,59050,204,4
6544,58632,205,0
6545,58633,205,1
6546,58634,205,2
6547,58635,205,3
6548,58636,205,4
6549,58637,205,5
6550,58638,205,6
6551,58645,206,0
6552,58646,206,1
6553,58647,206,2
6554,59684,206,3
6555,59010,207,0
6556,59011,207,1
6557,59012,207,2
6558,59013,207,3
6559,59014,207,4
6560,59015,207,5
6561,58845,209,0
6562,58846,209,1
6563,58847,209,2
6564,58848,209,3
6565,58849,209,4
6566,58850,209,5
6567,58851,209,6
6568,58852,209,7
6569,58853,209,8
6570,58854,209,9
6571,58855,209,10
6572,58856,209,11
6573,58857,209,12
6574,59662,209,13
6575,59663,209,14
6576,59665,209,15
6577,59666,209,16
6578,59517,211,0
6579,59518,211,1
6580,59519,211,2
6581,59520,211,3
6582,59521,211,4
6583,59523,211,5
6584,59522,211,6
6585,59664,212,0
6586,58858,212,1
6587,58859,212,2
6588,58860,212,3
6589,58861,212,4
6590,59667,212,5
6591,59623,212,6
6592,57807,213,0
6593,57808,213,1
6594,57809,213,2
6595,57810,213,3
6596,57811,213,4
6597,57812,213,5
6598,57813,213,6
6599,57814,213,7
6600,57815,213,8
6601,57816,213,9
6602,57817,213,10
6603,57818,213,11
6604,57819,213,12
6605,57820,213,13
6606,57821,213,14
6607,57822,213,15
6608,57823,213,16
6609,57824,213,17
6610,57825,213,18
6611,57826,213,19
6612,57827,213,20
6613,57828,213,21
6614,57829,213,22
6615,57830,213,23
6616,57831,213,24
6617,57832,213,25
6618,59003,214,0
6619,59004,214,1
6620,58689,214,2
6621,57895,215,0
6622,57896,215,1
6623,57897,215,2
6624,57888,216,0
6625,57889,216,1
6626,57890,216,2
6627,57891,216,3
6628,57893,216,4
6629,57894,216,5
6630,57892,216,6
6631,59030,217,0
6632,59031,217,1
6633,59037,217,2
6634,59032,218,0
6635,59033,218,1
6636,58827,219,0
6637,58828,219,1
6638,58049,219,2
6639,59708,219,3
6640,58829,219,4
6641,58830,219,5
6642,58831,219,6
6643,58832,219,7
6644,58833,219,8
6645,58834,219,9
6646,58835,219,10
6647,58840,220,0
6648,58841,220,1
6649,58843,220,2
6650,58844,220,3
6651,58694,221,0
6652,58695,221,1
6653,58696,221,2
6654,58697,221,3
6655,58698,221,4
6656,58699,221,5
6657,58700,221,6
6658,58701,221,7
6659,58702,221,8
6660,58703,221,9
6661,58704,221,10
6662,58705,221,11
6663,58706,221,12
6664,58707,221,13
6665,58708,221,14
6666,57898,222,0
6667,58709,223,0
6668,58710,223,1
6669,58711,223,2
6670,58712,223,3
6671,58713,223,4
6672,58714,223,5
6673,58284,223,6
6674,58282,223,7
6675,58283,223,8
6676,58076,223,9
6677,58077,223,10
6678,58271,223,11
6679,59184,224,0
6680,59185,224,1
6681,59186,224,2
6682,59187,224,3
6683,59188,224,4
6684,59189,224,5
6685,59190,224,6
6686,59191,224,7
6687,59192,224,8
6688,59166,225,0
6689,59167,225,1
6690,59168,225,2
6691,59169,225,3
6692,59170,225,4
6693,59171,225,5
6694,59172,225,6
6695,59173,225,7
6696,59174,225,8
6697,59175,225,9
6698,59176,225,10
6699,59177,225,11
6700,59178,225,12
6701,59179,225,13
6702,59180,225,14
6703,59181,225,15
6704,59182,225,16
6705,59183,225,17
6706,59156,226,0
6707,59157,226,1
6708,59158,226,2
6709,59159,226,3
6710,59160,226,4
6711,59161,226,5
6712,59162,226,6
6713,59163,226,7
6714,59164,226,8
6715,59165,226,9
6716,58872,227,0
6717,58873,227,1
6718,58874,227,2
6719,58875,227,3
6720,58876,227,4
6721,58877,227,5
6722,58878,227,6
6723,58879,227,7
6724,58880,227,8
6725,58881,227,9
6726,58882,227,10
6727,58883,227,11
6728,58884,227,12
6729,58885,227,13
6730,58886,227,14
6731,58887,227,15
6732,58888,227,16
6733,59099,228,0
6734,59100,228,1
6735,59101,228,2
6736,59102,228,3
6737,59103,228,4
6738,59104,228,5
6739,59105,228,6
6740,59204,229,0
6741,59205,229,1
6742,59206,229,2
6743,59207,229,3
6744,59208,229,4
6745,59209,229,5
6746,59210,229,6
6747,59211,229,7
6748,57844,230,0
6749,57845,230,1
6750,57846,230,2
6751,57847,230,3
6752,57848,230,4
6753,57849,230,5
6754,57850,230,6
6755,57851,230,7
6756,57852,230,8
6757,57853,230,9
6758,57854,230,10
6759,57855,230,11
6760,57856,230,12
6761,57857,230,13
6762,57858,230,14
6763,57859,230,15
6764,57860,230,16
6765,57861,230,17
6766,57862,230,18
6767,57863,230,19
6768,57864,230,20
6769,57865,230,21
6770,57866,230,22
6771,57867,230,23
6772,57868,230,24
6773,57869,230,25
6774,57870,230,26
6775,57871,230,27
6776,57872,230,28
6777,57873,230,29
6778,57874,230,30
6779,57875,230,31
6780,57876,230,32
6781,57877,230,33
6782,57878,230,34
6783,57879,230,35
6784,57880,230,36
6785,57881,230,37
6786,57882,230,38
6787,57883,230,39
6788,57884,230,40
6789,57885,230,41
6790,57886,230,42
6791,57887,230,43
6792,58731,231,0
6793,58732,231,1
6794,58733,231,2
6795,58734,231,3
6796,58735,231,4
6797,58736,231,5
6798,58737,231,6
6799,58738,231,7
6800,58739,231,8
6801,58740,231,9
6802,58741,231,10
6803,58742,231,11
6804,58743,231,12
6805,58744,231,13
6806,58745,231,14
6807,58746,231,15
6808,59075,232,0
6809,59076,232,1
6810,59077,232,2
6811,59078,232,3
6812,59079,232,4
6813,59080,232,5
6814,59081,232,6
6815,59082,232,7
6816,59083,232,8
6817,59084,232,9
6818,59085,232,10
6819,59086,232,11
6820,59087,232,12
6821,59088,232,13
6822,59089,232,14
6823,59090,232,15
6824,59091,232,16
6825,59705,233,0
6826,59712,233,1
6827,59669,233,2
6828,59670,233,3
6829,59702,234,0
6830,59069,234,1
6831,59070,234,2
6832,59071,234,3
6833,59072,234,4
6834,59073,234,5
6835,59074,234,6
6836,59671,234,7
6837,59287,235,0
6838,59288,235,1
6839,59289,235,2
6840,58752,235,3
6841,58753,235,4
6842,58754,235,5
6843,58755,235,6
6844,58756,235,7
6845,58757,235,8
6846,58758,235,9
6847,58824,235,10
6848,58823,235,11
6849,59097,235,12
6850,59098,235,13
6851,58747,235,14
6852,58748,235,15
6853,58749,235,16
6854,58750,235,17
6855,58751,235,18
6856,58822,235,19
6857,59092,235,20
6858,59093,235,21
6859,59094,235,22
6860,59095,235,23
6861,59096,235,24
6862,59154,235,25
6863,58769,236,0
6864,58770,236,1
6865,58771,236,2
6866,58768,236,3
6867,59321,237,0
6868,59322,237,1
6869,59323,237,2
6870,59313,237,3
6871,59324,237,4
6872,59325,237,5
6873,59326,237,6
6874,59327,237,7
6875,59328,237,8
6876,59329,237,9
6877,59330,237,10
6878,59331,237,11
6879,59332,237,12
6880,59333,237,13
6881,59334,237,14
6882,59335,237,15
6883,59336,237,16
6884,59337,237,17
6885,59338,237,18
6886,59339,237,19
6887,59340,237,20
6888,58994,238,0
6889,58995,238,1
6890,58996,238,2
6891,58997,238,3
6892,58998,238,4
6893,58999,238,5
6894,58759,239,0
6895,58760,239,1
6896,58761,239,2
6897,58762,239,3
6898,58763,239,4
6899,58764,239,5
6900,58765,239,6
6901,58766,239,7
6902,58767,239,8
6903,59341,240,0
6904,59342,240,1
6905,59354,241,0
6906,59355,241,1
6907,59356,241,2
6908,59357,241,3
6909,59358,241,4
6910,59359,241,5
6911,59360,241,6
6912,59361,241,7
6913,59362,241,8
6914,59363,241,9
6915,59364,241,10
6916,59365,241,11
6917,59630,241,13
6918,59631,241,14
6919,59632,241,15
6920,59366,241,16
6921,59367,241,17
6922,59368,241,18
6923,59369,241,19
6924,59370,241,20
6925,59371,241,21
6926,59372,241,22
6927,59373,241,23
6928,59374,241,24
6929,59375,241,25
6930,59291,242,0
6931,59292,242,1
6932,59293,242,2
6933,59294,242,3
6934,59295,242,4
6935,59296,242,5
6936,59297,242,6
6937,59298,242,7
6938,59299,242,8
6939,59300,242,9
6940,59301,242,10
6941,59302,242,11
6942,59303,242,12
6943,59304,242,13
6944,59305,242,14
6945,59306,242,15
6946,59307,242,16
6947,59290,242,17
6948,59212,243,0
6949,59213,243,1
6950,59214,243,2
6951,59215,243,3
6952,59216,243,4
6953,59217,243,5
6954,59218,243,6
6955,59219,243,7
6956,59220,243,8
6957,59668,243,9
6958,59221,243,10
6959,59222,243,11
6960,59223,243,12
6961,59224,243,13
6962,59225,243,14
6963,59226,243,15
6964,59227,243,16
6965,59228,243,17
6966,59229,243,18
6967,59230,243,19
6968,59231,243,20
6969,59232,243,21
6970,59308,244,0
6971,59309,244,1
6972,59310,244,2
6973,59311,244,3
6974,59312,244,4
6975,59711,244,5
6976,59314,244,6
6977,59315,244,7
6978,59316,244,8
6979,59692,244,9
6980,59317,244,10
6981,59651,245,0
6982,59679,245,1
6983,59680,245,2
6984,59653,245,3
6985,59652,245,4
6986,59051,245,5
6987,59052,245,6
6988,59053,245,7
6989,59054,245,8
6990,59055,245,9
6991,59056,245,10
6992,59057,245,11
6993,59068,245,12
6994,59058,245,13
6995,59059,245,14
6996,59060,245,15
6997,59061,245,16
6998,59062,245,17
6999,59063,245,18
7000,59064,245,19
7001,59065,245,20
7002,59066,245,21
7003,59067,245,22
7004,57899,246,0
7005,57900,246,1
7006,57901,246,2
7007,57902,246,3
7008,57903,246,4
7009,58730,247,0
7010,59345,247,1
7011,59346,247,2
7012,59347,247,3
7013,59348,247,4
7014,59349,247,5
7015,59343,247,6
7016,59344,247,7
7017,59350,247,8
7018,59351,247,9
7019,59352,247,10
7020,59353,247,11
7021,59203,247,12
7022,59286,247,13
7023,59155,247,14
7024,59622,247,15
7025,57904,248,0
7026,57905,248,1
7027,57906,248,2
7028,57907,249,0
7029,57908,249,1
7030,57909,249,2
7031,57910,249,3
7032,57911,249,4
7033,57915,250,0
7034,59413,250,1
7035,59414,250,2
7036,57916,250,3
7037,57936,251,0
7038,57937,251,1
7039,57938,251,2
7040,57939,251,3
7041,57940,251,4
7042,57941,251,5
7043,57942,251,6
7044,57943,251,7
7045,57944,251,8
7046,57945,251,9
7047,57946,251,10
7048,57947,251,11
7049,57948,251,12
7050,57999,252,0
7051,58000,252,1
7052,58001,252,2
7053,58002,252,3
7054,58003,252,4
7055,58004,252,5
7056,58005,252,6
7057,59439,252,7
7058,59440,252,8
7059,59441,252,9
7060,59442,252,10
7061,59428,253,0
7062,59429,253,1
7063,59430,253,2
7064,59431,253,3
7065,59432,253,4
7066,59433,253,7
7067,59244,254,0
7068,59245,254,1
7069,59246,254,2
7070,59247,254,3
7071,59248,254,4
7072,59249,254,5
7073,59250,254,6
7074,59251,254,7
7075,59252,254,8
7076,59253,254,9
7077,57930,255,0
7078,57931,255,1
7079,57932,255,2
7080,57933,255,3
7081,57934,255,4
7082,57935,255,5
7083,57976,256,0
7084,57977,256,1
7085,57978,256,2
7086,57979,256,3
7087,57980,256,4
7088,57981,256,5
7089,57982,256,6
7090,57983,256,7
7091,57984,256,8
7092,57985,256,9
7093,57986,256,10
7094,57987,256,11
7095,57988,256,12
7096,57989,256,13
7097,57990,256,14
7098,57991,256,15
7099,57992,256,16
7100,57993,256,17
7101,57994,256,18
7102,57995,256,19
7103,57996,256,20
7104,57997,256,21
7105,57998,256,22
7106,58772,256,23
7107,58773,256,24
7108,58774,256,25
7109,58775,256,26
7110,58776,256,27
7111,57926,257,0
7112,57927,257,1
7113,57928,257,2
7114,57929,257,3
7115,57973,258,0
7116,57974,258,1
7117,58777,258,2
7118,58778,258,3
7119,58779,258,4
7120,58780,258,5
7121,58781,258,6
7122,58782,258,7
7123,58783,258,8
7124,58784,258,9
7125,58785,258,10
7126,58786,258,11
7127,58787,258,12
7128,58788,258,13
7129,58789,258,14
7130,58790,258,15
7131,58791,258,16
7132,58792,259,0
7133,58793,259,1
7134,58794,259,2
7135,58795,259,3
7136,58796,259,4
7137,58797,259,5
7138,58798,259,6
7139,58799,259,7
7140,58800,259,8
7141,58801,259,9
7142,58802,259,10
7143,58803,259,11
7144,58804,259,12
7145,58805,259,13
7146,58806,259,14
7147,58807,259,15
7148,58808,259,16
7149,58809,259,17
7150,58810,259,18
7151,58811,259,19
7152,58812,259,20
7153,58813,259,21
7154,58814,259,22
7155,58815,259,23
7156,58816,259,24
7157,58817,259,25
7158,58818,259,26
7159,58819,259,27
7160,59416,260,0
7161,59417,260,1
7162,59418,260,2
7163,59419,260,3
7164,59420,260,4
7165,59689,260,5
7166,59690,260,6
7167,59421,260,7
7168,59422,260,8
7169,59423,260,9
7170,59424,260,10
7171,59703,260,11
7172,59425,260,12
7173,59426,260,13
7174,59427,260,14
7175,57917,261,0
7176,57918,261,1
7177,57919,261,2
7178,57920,261,3
7179,57921,261,4
7180,57922,261,5
7181,57923,261,6
7182,57924,261,7
7183,57925,261,8
7184,59434,262,0
7185,59435,262,1
7186,59436,262,2
7187,59437,262,3
7188,59438,262,4
7189,59443,262,5
7190,59444,262,6
7191,59445,262,7
7192,59446,262,8
7193,59447,262,9
7194,59448,262,10
7195,59449,262,11
7196,59450,262,12
7197,59393,263,0
7198,59394,263,1
7199,59395,263,2
7200,59396,263,3
7201,59397,263,4
7202,59398,263,5
7203,59399,263,6
7204,59400,263,7
7205,59401,263,8
7206,59402,263,9
7207,59403,263,10
7208,59404,263,11
7209,59405,263,12
7210,59406,263,13
7211,59407,263,14
7212,59408,263,15
7213,59409,263,16
7214,59410,263,17
7215,59411,263,18
7216,59412,263,19
7217,59470,264,0
7218,59471,264,1
7219,59472,264,2
7220,59473,264,3
7221,59474,264,4
7222,59475,264,5
7223,59476,264,6
7224,59477,264,7
7225,59478,264,8
7226,59479,264,9
7227,59480,264,10
7228,59481,264,11
7229,59482,264,12
7230,59483,264,13
7231,59484,264,14
7232,59452,265,0
7233,59453,265,1
7234,59454,265,2
7235,59455,265,3
7236,59456,265,4
7237,59457,265,5
7238,59458,265,6
7239,59459,265,7
7240,59460,265,8
7241,59461,265,9
7242,59462,265,10
7243,59463,265,11
7244,59464,265,12
7245,59465,265,13
7246,59466,265,14
7247,59467,265,15
7248,59468,265,16
7249,59469,265,17
7250,59718,265,18
7251,59513,266,0
7252,59500,266,1
7253,59501,266,2
7254,59502,266,3
7255,59503,266,4
7256,59504,266,5
7257,59505,266,6
7258,59506,266,7
7259,59507,266,8
7260,59508,266,9
7261,59509,266,10
7262,59510,266,11
7263,59693,266,12
7264,59511,266,13
7265,59694,266,14
7266,59512,266,15
7267,59492,267,0
7268,59493,267,1
7269,59494,267,2
7270,59495,267,3
7271,59496,267,4
7272,59497,267,5
7273,59498,267,6
7274,59499,267,7
7275,59376,268,0
7276,59377,268,1
7277,59378,268,2
7278,59379,268,3
7279,59380,268,4
7280,59381,268,5
7281,59382,268,6
7282,59383,268,7
7283,59384,268,8
7284,59385,268,9
7285,59386,269,0
7286,59387,269,1
7287,59388,269,2
7288,59389,269,3
7289,59390,269,4
7290,59391,269,5
7291,59392,269,6
7292,59640,270,0
7293,59641,270,1
7294,59642,270,2
7295,59643,270,3
7296,59644,270,4
7297,59645,270,5
7298,59646,270,6
7299,59647,270,7
7300,59648,270,8
7301,59649,270,9
7302,59485,270,10
7303,59486,270,11
7304,59487,270,12
7305,59488,270,13
7306,59489,270,14
7307,59490,270,15
7308,59491,270,16
7309,57912,271,0
7310,57913,271,1
7311,57914,271,2
7312,57975,272,0
7313,57971,272,1
7314,57972,272,2
7315,58825,272,3
7316,58826,272,4
7317,59415,273,0
7318,59137,274,0
7319,59138,274,1
7320,59139,274,2
7321,59140,274,3
7322,59141,274,4
7323,59142,274,5
7324,59143,274,6
7325,59144,274,7
7326,59145,274,8
7327,59146,274,9
7328,59147,274,10
7329,59148,274,11
7330,59149,274,12
7331,59150,274,13
7332,59151,274,14
7333,59152,274,15
7334,59153,274,16
7335,59106,276,0
7336,59107,276,1
7337,59108,276,2
7338,59109,276,3
7339,59110,276,4
7340,59111,276,5
7341,59112,276,6
7342,59113,276,7
7343,59114,276,8
7344,59115,276,9
7345,59116,276,10
7346,59117,276,11
7347,59118,276,12
7348,59119,276,13
7349,59120,276,14
7350,59121,276,15
7351,59122,276,16
7352,59123,276,17
7353,59124,276,18
7354,59125,276,19
7355,59126,276,20
7356,59127,276,21
7357,59128,276,22
7358,59129,276,23
7359,59130,276,24
7360,59131,276,25
7361,59132,276,26
7362,59133,276,27
7363,59134,276,28
7364,59135,276,29
7365,59136,276,30
7366,59545,277,0
7367,59546,277,1
7368,59547,277,2
7369,59548,277,3
7370,59549,277,4
7371,59550,277,5
7372,59551,277,6
7373,59552,277,7
7374,59553,277,8
7375,59554,277,9
7376,59555,277,10
7377,59556,277,11
7378,59233,278,0
7379,59234,278,1
7380,59235,278,2
7381,59236,278,3
7382,59237,278,4
7383,59238,278,5
7384,59239,278,6
7385,59240,278,7
7386,59241,278,8
7387,59242,278,9
7388,59243,278,10
7389,57950,279,0
7390,57951,279,1
7391,57952,279,2
7392,57953,279,3
7393,57954,279,4
7394,57955,279,5
7395,57956,279,6
7396,57957,279,7
7397,57958,279,8
7398,57959,279,9
7399,57960,279,10
7400,57961,279,11
7401,57962,279,12
7402,57963,279,13
7403,57964,279,14
7404,57965,279,15
7405,57966,279,16
7406,57967,279,17
7407,57968,279,18
7408,57969,279,19
7409,57970,279,20
7410,58913,280,0
7411,58914,280,1
7412,58915,280,2
7413,58916,280,3
7414,58917,280,4
7415,58918,280,5
7416,58919,280,6
7417,58920,280,7
7418,58921,280,8
7419,58922,280,9
7420,58923,280,10
7421,58924,280,11
7422,58925,280,12
7423,58926,280,13
7424,58927,280,14
7425,58928,280,15
7426,58929,280,16
7427,58930,280,17
7428,58931,280,18
7429,58932,280,19
7430,58933,280,20
7431,58934,280,21
7432,58935,280,22
7433,58936,280,23
7434,58937,280,24
7435,58938,280,25
7436,58939,280,26
7437,58940,280,27
7438,58941,280,28
7439,58942,280,29
7440,58943,280,30
7441,58944,280,31
7442,58945,280,32
7443,58959,280,33
7444,58022,280,34
7445,58960,280,35
7446,58961,280,36
7447,59557,281,0
7448,59558,281,1
7449,59559,281,2
7450,58953,281,3
7451,58954,281,4
7452,58955,281,5
7453,58956,281,6
7454,58957,281,7
7455,58901,282,0
7456,58902,282,1
7457,58903,282,2
7458,58904,282,3
7459,58905,282,4
7460,58906,282,5
7461,58907,282,6
7462,58908,282,7
7463,58909,282,8
7464,58910,282,9
7465,58911,282,10
7466,58912,282,11
7467,58948,282,12
7468,58949,282,13
7469,58950,282,14
7470,58951,282,15
7471,58952,282,16
7472,59261,283,0
7473,59262,283,1
7474,59263,283,2
7475,59264,283,3
7476,59265,283,4
7477,59266,283,5
7478,59267,283,6
7479,59268,283,7
7480,59269,283,8
7481,59270,283,9
7482,59271,283,10
7483,59272,283,11
7484,59273,283,12
7485,59318,283,13
7486,59319,283,14
7487,59320,283,15
7488,59274,283,16
7489,59275,283,17
7490,59276,283,18
7491,59277,283,19
7492,59278,283,20
7493,59279,283,21
7494,59280,283,22
7495,59281,283,23
7496,59282,283,24
7497,59283,283,25
7498,59284,283,26
7499,59285,283,27
7500,58008,284,0
7501,58009,284,1
7502,58010,284,2
7503,58011,284,3
7504,59706,284,4
7505,59254,284,5
7506,59255,284,6
7507,59256,284,7
7508,58946,284,8
7509,58947,284,9
7510,59626,284,10
7511,59257,284,11
7512,59258,284,12
7513,59259,284,13
7514,59260,284,14
7515,58889,285,0
7516,58890,285,1
7517,58891,285,2
7518,58892,285,3
7519,58893,285,4
7520,58894,285,5
7521,58895,285,6
7522,58896,285,7
7523,58897,285,8
7524,58898,285,9
7525,58899,285,10
7526,58900,285,11
7527,59617,286,0
7528,59618,286,1
7529,59619,286,2
7530,59620,286,3
7531,59539,287,0
7532,59540,287,1
7533,59541,287,2
7534,59542,287,3
7535,59543,287,4
7536,59544,287,5
7537,59588,288,0
7538,59589,288,1
7539,59590,288,2
7540,59591,288,3
7541,58958,289,0
7542,59561,289,1
7543,59562,289,2
7544,59563,289,3
7545,59564,289,4
7546,59565,289,5
7547,59566,289,6
7548,59567,289,7
7549,59568,289,8
7550,59569,289,9
7551,59570,289,10
7552,59571,289,11
7553,59572,289,12
7554,59573,289,13
7555,59574,289,14
7556,59575,289,15
7557,59576,289,16
7558,59577,289,17
7559,59578,289,18
7560,59560,289,19
7561,59524,290,0
7562,59525,290,1
7563,59526,290,2
7564,59527,290,3
7565,59528,290,4
7566,59529,290,5
7567,59530,290,6
7568,59531,290,7
7569,59532,290,8
7570,59533,290,9
7571,59534,290,10
7572,59535,290,11
7573,59536,290,12
7574,59537,290,13
7575,59538,290,14
7576,59579,291,0
7577,59580,291,1
7578,59581,291,2
7579,59582,291,3
7580,59583,291,4
7581,59584,291,5
7582,59585,291,6
7583,59586,291,7
7584,59587,291,8
7585,59598,292,0
7586,59599,292,1
7587,59600,292,2
7588,59601,292,3
7589,59602,292,4
7590,59603,292,5
7591,59604,292,6
7592,59605,292,7
7593,59606,292,8
7594,59607,292,9
7595,59608,292,10
7596,59609,292,11
7597,59610,292,12
7598,59611,292,13
7599,59612,292,14
7600,59613,292,15
7601,59614,292,16
7602,59615,292,17
7603,59616,292,18
7604,59193,293,0
7605,59194,293,1
7606,59195,293,2
7607,59196,293,3
7608,59197,293,4
7609,59198,293,5
7610,59199,293,6
7611,59200,293,7
7612,59201,293,8
7613,59202,293,9
7614,59592,294,0
7615,59593,294,1
7616,59594,294,2
7617,59595,294,3
7618,59596,294,4
7619,59597,294,5
7620,57949,295,0
7621,59514,296,0
7622,59515,296,1
7623,59516,296,2
7624,59451,297,0
7625,58006,297,1
7626,58007,297,2
7627,64530,151,0
7628,65992,151,1
7629,64531,151,2
7630,65993,151,3
7631,64532,151,4
7632,64533,151,5
7633,64534,151,6
7634,64535,151,7
7635,64536,151,8
7636,64537,151,9
7637,64538,151,10
7638,64539,151,11
7639,64540,151,12
7640,64541,151,13
7641,64542,151,14
7642,64543,151,15
7643,64544,151,16
7644,64545,151,17
7645,64546,151,18
7646,66013,151,19
7647,64547,151,20
7648,64548,151,21
7649,64549,151,22
7650,64550,151,23
7651,64551,151,24
7652,65988,151,25
7653,64552,151,26
7654,66015,151,27
7655,64554,151,28
7656,64555,151,29
7657,64556,151,30
7658,66006,151,31
7659,66007,151,32
7660,64557,151,33
7661,64506,152,0
7662,64507,152,1
7663,64508,152,2
7664,66010,152,3
7665,64509,152,4
7666,64510,152,5
7667,64511,152,6
7668,66011,152,7
7669,64512,152,8
7670,64513,152,9
7671,64514,152,10
7672,64515,152,11
7673,64516,152,12
7674,64517,152,13
7675,64518,152,14
7676,64519,152,15
7677,64520,152,16
7678,64521,152,17
7679,64522,152,18
7680,64523,152,19
7681,64524,152,20
7682,65967,153,0
7683,64653,153,1
7684,64654,153,2
7685,64655,153,3
7686,64656,153,4
7687,64657,153,5
7688,64658,153,6
7689,64659,153,7
7690,64660,153,8
7691,64661,153,9
7692,64662,153,10
7693,64663,153,11
7694,64664,153,12
7695,64665,153,13
7696,64666,153,14
7697,64667,153,15
7698,64668,153,16
7699,64602,154,0
7700,64526,154,1
7701,64594,154,2
7702,64527,154,3
7703,64528,154,4
7704,64603,154,5
7705,64525,154,6
7706,64625,155,0
7707,64626,155,1
7708,64627,155,2
7709,64628,155,3
7710,64648,155,4
7711,64579,156,0
7712,64580,156,1
7713,64581,156,2
7714,64582,156,3
7715,64583,156,4
7716,64584,156,5
7717,64585,156,6
7718,65989,156,7
7719,64586,156,8
7720,65990,156,9
7721,64587,156,10
7722,65991,156,11
7723,64588,156,12
7724,64589,156,13
7725,64590,156,14
7726,64591,156,15
7727,64592,156,16
7728,64595,157,0
7729,64596,157,1
7730,64597,157,2
7731,64598,157,3
7732,64599,157,4
7733,64600,157,5
7734,64601,157,6
7735,64479,158,0
7736,64480,158,1
7737,64481,158,2
7738,64482,158,3
7739,64483,158,4
7740,64484,158,5
7741,64485,158,6
7742,64486,158,7
7743,64487,158,8
7744,64488,158,9
7745,64489,158,10
7746,64490,158,11
7747,64491,158,12
7748,64492,158,13
7749,64493,158,14
7750,64494,158,15
7751,64495,158,16
7752,64315,158,17
7753,64316,158,18
7754,64317,158,19
7755,64318,158,20
7756,64319,158,21
7757,64320,158,22
7758,64321,158,23
7759,64496,158,24
7760,64497,158,25
7761,64498,158,26
7762,64499,158,27
7763,64618,159,0
7764,64619,159,1
7765,64620,159,2
7766,64621,159,3
7767,64622,159,4
7768,64623,159,5
7769,64624,159,6
7770,64684,160,0
7771,64685,160,1
7772,64686,160,2
7773,64687,160,3
7774,64688,160,4
7775,64689,160,5
7776,64690,160,6
7777,64691,160,7
7778,64692,160,8
7779,64693,160,9
7780,64694,160,10
7781,64743,161,0
7782,64744,161,1
7783,64745,161,2
7784,64746,161,3
7785,64747,161,4
7786,64748,161,5
7787,64749,161,6
7788,64750,161,7
7789,65984,161,8
7790,64751,161,9
7791,64752,161,10
7792,64753,161,11
7793,64754,161,12
7794,64755,161,13
7795,64756,161,14
7796,64757,161,15
7797,64758,161,16
7798,64759,161,17
7799,64760,161,18
7800,64761,161,19
7801,64708,162,0
7802,64709,162,1
7803,64710,162,2
7804,64711,162,3
7805,64712,162,4
7806,64713,162,5
7807,64714,162,6
7808,64715,162,7
7809,64716,162,8
7810,64717,162,9
7811,64718,162,10
7812,64719,162,11
7813,64720,162,12
7814,64721,162,13
7815,64722,162,14
7816,64723,162,15
7817,64724,162,16
7818,64725,162,17
7819,64726,162,18
7820,64727,162,19
7821,66002,162,20
7822,64728,162,21
7823,66003,162,22
7824,64729,162,23
7825,64730,162,24
7826,64731,162,25
7827,64732,162,26
7828,64733,162,27
7829,64734,162,28
7830,64735,162,29
7831,64736,162,30
7832,64737,162,31
7833,64738,162,32
7834,64739,162,33
7835,64740,162,34
7836,64766,163,0
7837,64767,163,1
7838,64768,163,2
7839,64769,163,3
7840,64770,163,4
7841,64771,163,5
7842,66016,164,0
7843,64553,164,1
7844,64577,164,2
7845,64578,164,3
7846,64629,165,0
7847,64630,165,1
7848,64631,165,2
7849,64632,165,3
7850,64633,165,4
7851,64634,165,5
7852,64635,165,6
7853,64636,165,7
7854,64637,165,8
7855,64638,165,9
7856,64639,165,10
7857,64649,166,0
7858,64650,166,1
7859,64651,166,2
7860,64652,166,3
7861,64500,167,0
7862,64501,167,1
7863,64502,167,2
7864,64503,167,3
7865,64504,167,4
7866,64505,167,5
7867,64646,168,0
7868,64647,168,1
7869,65948,169,0
7870,64669,169,1
7871,64670,169,2
7872,64671,169,3
7873,64604,170,0
7874,64605,170,1
7875,64606,170,2
7876,64607,170,3
7877,64608,170,4
7878,64609,170,5
7879,64610,170,6
7880,64611,170,7
7881,64612,170,8
7882,64613,170,9
7883,64614,170,10
7884,64615,170,11
7885,64616,170,12
7886,64617,170,13
7887,64465,171,0
7888,64466,171,1
7889,64467,171,2
7890,64468,171,3
7891,64469,171,4
7892,64470,171,5
7893,64471,171,6
7894,64472,171,7
7895,64473,171,8
7896,64474,171,9
7897,64475,171,10
7898,64476,171,11
7899,64477,171,12
7900,64478,171,13
7901,64775,172,0
7902,64776,172,1
7903,64778,172,2
7904,64779,172,3
7905,64780,172,4
7906,64452,173,0
7907,64453,173,1
7908,64454,173,2
7909,64312,173,3
7910,64313,173,4
7911,64314,173,5
7912,64455,173,6
7913,64456,173,7
7914,64457,173,8
7915,65952,174,0
7916,66000,174,1
7917,65953,174,2
7918,65954,174,3
7919,64450,174,4
7920,64451,174,5
7921,64568,174,6
7922,64569,174,7
7923,64806,175,0
7924,64807,175,1
7925,64808,175,2
7926,64809,175,3
7927,64810,175,4
7928,64811,175,5
7929,64812,175,6
7930,64813,175,7
7931,64814,175,8
7932,64815,175,9
7933,64816,175,10
7934,64817,175,11
7935,64818,175,12
7936,64819,175,13
7937,64820,175,14
7938,64821,175,15
7939,64822,175,16
7940,64823,175,17
7941,64824,175,18
7942,64825,175,19
7943,64826,175,20
7944,64827,175,21
7945,64828,175,22
7946,64829,175,23
7947,64830,175,24
7948,64831,175,25
7949,64832,175,26
7950,64833,175,27
7951,64834,175,28
7952,64835,175,29
7953,64836,175,30
7954,64837,175,31
7955,64838,175,32
7956,64839,175,33
7957,64840,175,34
7958,64841,175,35
7959,64842,175,36
7960,64843,175,37
7961,64844,175,38
7962,64845,175,39
7963,64846,175,40
7964,64847,175,41
7965,64848,175,42
7966,64849,175,43
7967,64850,175,44
7968,64851,175,45
7969,64852,175,46
7970,64853,175,47
7971,64854,175,48
7972,64855,175,49
7973,64856,175,50
7974,64857,175,51
7975,64858,175,52
7976,64859,175,53
7977,64860,175,54
7978,64861,175,55
7979,64862,175,56
7980,64863,175,57
7981,64401,176,0
7982,64402,176,1
7983,64403,176,2
7984,64404,176,3
7985,64405,176,4
7986,64406,176,5
7987,64407,176,6
7988,64408,176,7
7989,64409,176,8
7990,64410,176,9
7991,64411,176,10
7992,64412,176,11
7993,64413,176,12
7994,64414,176,13
7995,64415,176,14
7996,64416,176,15
7997,64417,176,16
7998,64418,176,17
7999,64419,176,18
8000,64420,176,19
8001,64421,176,20
8002,64422,176,21
8003,64423,176,22
8004,64424,176,23
8005,64425,176,24
8006,64426,176,25
8007,64427,176,26
8008,64428,176,27
8009,64429,176,28
8010,64430,176,29
8011,65968,176,30
8012,65969,176,31
8013,65970,176,32
8014,65971,176,33
8015,64434,176,34
8016,64435,176,35
8017,64436,176,36
8018,64437,176,37
8019,64438,176,38
8020,64439,176,39
8021,64440,176,40
8022,64441,176,41
8023,64442,176,42
8024,64443,176,43
8025,64444,176,44
8026,64445,176,45
8027,64446,176,46
8028,64447,176,47
8029,64448,176,48
8030,64449,176,49
8031,64562,176,50
8032,64563,176,51
8033,64564,176,52
8034,64565,176,53
8035,64431,176,54
8036,64432,176,55
8037,64433,176,56
8038,64566,176,57
8039,64567,176,58
8040,64575,176,59
8041,64915,177,0
8042,64916,177,1
8043,64917,177,2
8044,64918,177,3
8045,64919,177,4
8046,64920,177,5
8047,64921,177,6
8048,64922,177,7
8049,64923,177,8
8050,64868,178,0
8051,64869,178,1
8052,64870,178,2
8053,64871,178,3
8054,64872,178,4
8055,64873,178,5
8056,64874,178,6
8057,64875,178,7
8058,64876,178,8
8059,64877,178,9
8060,64878,178,10
8061,64879,178,11
8062,64880,178,12
8063,64881,178,13
8064,64882,178,14
8065,64883,178,15
8066,64884,178,16
8067,64885,178,17
8068,64886,178,18
8069,64887,178,19
8070,64888,178,20
8071,64903,179,0
8072,64904,179,1
8073,64905,179,2
8074,64906,179,3
8075,64907,179,4
8076,64908,179,5
8077,64909,179,6
8078,64910,179,7
8079,64911,179,8
8080,64912,179,9
8081,64913,179,10
8082,64914,179,11
8083,64889,180,0
8084,64890,180,1
8085,64891,180,2
8086,64892,180,3
8087,64893,180,4
8088,64894,180,5
8089,64895,180,6
8090,64897,180,7
8091,64898,180,8
8092,64899,180,9
8093,64900,180,10
8094,64901,180,11
8095,64902,180,12
8096,64896,180,13
8097,64864,181,0
8098,64865,181,1
8099,64866,181,2
8100,64867,181,3
8101,64695,182,0
8102,64696,182,1
8103,64697,182,2
8104,64698,182,3
8105,64699,182,4
8106,64700,182,5
8107,64701,182,6
8108,64702,182,7
8109,64703,182,8
8110,64704,182,9
8111,64705,182,10
8112,64706,182,11
8113,64707,182,12
8114,64792,182,13
8115,64793,182,14
8116,64781,183,0
8117,64782,183,1
8118,64783,183,2
8119,64784,183,3
8120,64785,183,4
8121,64786,183,5
8122,64787,183,6
8123,64788,183,7
8124,64772,184,0
8125,64773,184,1
8126,64774,184,2
8127,65915,184,3
8128,64789,185,0
8129,64790,185,1
8130,64791,185,2
8131,64763,186,0
8132,64764,186,1
8133,64765,186,2
8134,64458,187,0
8135,64459,187,1
8136,64460,187,2
8137,64461,187,3
8138,65949,187,4
8139,65950,187,5
8140,64576,187,6
8141,64462,187,7
8142,64463,187,8
8143,64464,187,9
8144,65951,187,10
8145,64570,187,11
8146,64571,187,12
8147,64777,187,13
8148,65944,187,14
8149,64794,188,0
8150,64795,188,1
8151,64796,188,2
8152,64797,188,3
8153,64798,188,4
8154,64799,188,5
8155,64800,188,6
8156,64801,188,7
8157,64802,188,8
8158,64803,188,9
8159,64805,188,10
8160,64804,188,11
8161,64351,189,0
8162,64352,189,1
8163,64353,189,2
8164,64354,189,3
8165,64355,189,4
8166,64356,189,5
8167,64357,189,6
8168,64358,189,7
8169,64359,189,8
8170,64360,189,9
8171,64361,189,10
8172,64362,189,11
8173,64363,189,12
8174,64364,189,13
8175,64559,189,14
8176,64560,189,15
8177,64367,189,16
8178,64368,189,17
8179,65974,189,18
8180,65975,189,19
8181,65976,189,20
8182,64369,189,21
8183,64370,189,22
8184,64371,189,23
8185,64372,189,24
8186,64373,189,25
8187,64374,189,26
8188,64375,189,27
8189,64376,189,28
8190,64377,189,29
8191,64378,189,30
8192,64379,189,31
8193,64380,189,32
8194,64381,189,33
8195,64382,189,34
8196,64383,189,35
8197,64384,189,36
8198,64385,189,37
8199,64386,189,38
8200,64388,189,39
8201,64389,189,40
8202,64390,189,41
8203,64391,189,42
8204,64393,189,43
8205,64394,189,44
8206,64395,189,45
8207,64396,189,46
8208,64397,189,47
8209,64398,189,48
8210,64399,189,49
8211,64400,189,50
8212,64392,189,51
8213,65921,190,0
8214,65922,190,1
8215,65133,190,2
8216,65132,190,3
8217,65009,190,4
8218,65010,190,5
8219,65011,190,6
8220,65012,190,7
8221,65013,190,8
8222,65014,190,9
8223,65015,190,10
8224,65016,190,11
8225,65017,190,12
8226,65018,190,13
8227,65019,190,14
8228,65020,190,15
8229,65021,190,16
8230,65022,190,17
8231,65023,190,18
8232,65114,190,19
8233,65130,190,20
8234,65131,190,21
8235,65115,190,22
8236,64322,191,0
8237,64323,191,1
8238,64324,191,2
8239,64325,191,3
8240,64326,191,4
8241,64327,191,5
8242,64328,191,6
8243,64329,191,7
8244,64330,191,8
8245,64331,191,9
8246,64332,191,10
8247,64333,191,11
8248,64334,191,12
8249,64335,191,13
8250,64336,191,14
8251,64337,191,15
8252,64558,191,16
8253,64339,191,17
8254,64340,191,18
8255,64341,191,19
8256,64342,191,20
8257,64343,191,21
8258,64344,191,22
8259,64345,191,23
8260,64346,191,24
8261,65994,191,25
8262,64347,191,26
8263,64348,191,27
8264,64349,191,28
8265,64350,191,29
8266,65136,191,30
8267,66014,191,31
8268,64931,192,0
8269,64932,192,1
8270,64933,192,2
8271,64934,192,3
8272,64935,192,4
8273,64936,192,5
8274,65256,193,0
8275,65257,193,1
8276,65258,193,2
8277,65259,193,3
8278,65260,193,4
8279,65261,193,5
8280,65918,193,6
8281,65919,193,7
8282,65980,194,0
8283,64940,194,1
8284,64941,194,2
8285,64942,194,3
8286,64943,194,4
8287,64944,194,5
8288,64945,194,6
8289,65965,194,7
8290,65966,194,8
8291,64946,194,9
8292,64947,194,10
8293,64948,194,11
8294,64949,194,12
8295,64950,194,13
8296,64951,194,14
8297,64952,194,15
8298,64953,194,16
8299,64954,194,17
8300,64955,194,18
8301,64956,194,19
8302,64957,194,20
8303,64958,194,21
8304,64959,194,22
8305,64960,194,23
8306,64961,194,24
8307,64962,194,25
8308,64963,194,26
8309,64964,194,27
8310,64965,194,28
8311,64966,194,29
8312,64967,194,30
8313,64968,194,31
8314,64969,194,32
8315,64970,194,33
8316,64971,194,34
8317,64972,194,35
8318,64973,194,36
8319,64974,194,37
8320,64975,194,38
8321,64976,194,39
8322,64977,194,40
8323,64978,194,41
8324,64979,194,42
8325,64980,194,43
8326,64981,194,44
8327,64982,194,45
8328,65262,195,0
8329,65263,195,1
8330,65294,195,2
8331,65295,195,3
8332,65296,195,4
8333,65264,195,5
8334,65265,195,6
8335,65266,195,7
8336,65267,195,8
8337,65268,195,9
8338,65269,195,10
8339,65270,195,11
8340,65271,195,12
8341,65272,195,13
8342,65273,195,14
8343,65274,195,15
8344,65275,195,16
8345,65276,195,17
8346,65277,195,18
8347,65278,195,19
8348,65279,195,20
8349,65280,195,21
8350,65281,195,22
8351,65282,195,23
8352,65283,195,24
8353,65284,195,25
8354,65285,195,26
8355,65286,195,27
8356,65287,195,28
8357,64120,196,0
8358,64121,196,1
8359,64122,196,2
8360,64123,196,3
8361,64124,196,4
8362,65156,197,0
8363,65157,197,1
8364,65158,197,2
8365,65159,197,3
8366,65160,197,4
8367,65161,197,5
8368,65162,197,6
8369,65163,197,7
8370,65164,197,8
8371,65165,197,9
8372,64125,199,0
8373,64126,199,1
8374,64127,199,2
8375,64128,199,3
8376,64129,199,4
8377,64130,199,5
8378,64086,200,0
8379,64087,200,1
8380,64088,200,2
8381,64089,200,3
8382,64090,200,4
8383,64091,200,5
8384,65310,201,0
8385,65311,201,1
8386,65312,201,2
8387,65313,201,3
8388,65314,201,4
8389,65315,201,5
8390,65316,201,6
8391,65317,201,7
8392,65318,201,8
8393,65319,201,9
8394,65320,201,10
8395,65321,201,11
8396,65299,202,0
8397,65300,202,1
8398,65301,202,2
8399,65302,202,3
8400,65303,202,4
8401,65332,202,5
8402,65333,202,6
8403,65334,202,7
8404,65335,202,8
8405,65336,202,9
8406,65337,202,10
8407,65338,202,11
8408,65339,202,12
8409,65340,202,13
8410,65341,202,14
8411,65328,203,0
8412,65329,203,1
8413,65330,203,2
8414,65927,203,3
8415,65928,203,4
8416,65997,203,5
8417,65929,203,6
8418,65930,203,7
8419,65931,203,8
8420,65932,203,9
8421,65933,203,10
8422,65322,204,0
8423,65323,204,1
8424,65342,204,2
8425,65343,204,3
8426,65344,204,4
8427,64924,205,0
8428,64925,205,1
8429,64926,205,2
8430,64927,205,3
8431,64928,205,4
8432,64929,205,5
8433,64930,205,6
8434,64937,206,0
8435,64938,206,1
8436,64939,206,2
8437,65977,206,3
8438,65304,207,0
8439,65305,207,1
8440,65306,207,2
8441,65307,207,3
8442,65308,207,4
8443,65309,207,5
8444,64300,208,0
8445,64301,208,1
8446,64302,208,2
8447,64303,208,3
8448,64304,208,4
8449,64305,208,5
8450,64306,208,6
8451,64307,208,7
8452,64308,208,8
8453,64309,208,9
8454,64310,208,10
8455,65139,209,0
8456,65140,209,1
8457,65141,209,2
8458,65142,209,3
8459,65143,209,4
8460,65144,209,5
8461,65145,209,6
8462,65146,209,7
8463,65147,209,8
8464,65148,209,9
8465,65149,209,10
8466,65150,209,11
8467,65151,209,12
8468,65955,209,13
8469,65956,209,14
8470,65958,209,15
8471,65959,209,16
8472,64984,210,0
8473,64985,210,1
8474,64986,210,2
8475,64987,210,3
8476,65811,211,0
8477,65812,211,1
8478,65813,211,2
8479,65814,211,3
8480,65815,211,4
8481,65817,211,5
8482,65816,211,6
8483,65957,212,0
8484,65152,212,1
8485,65153,212,2
8486,65154,212,3
8487,65155,212,4
8488,65960,212,5
8489,65917,212,6
8490,64092,213,0
8491,64093,213,1
8492,64094,213,2
8493,64095,213,3
8494,64096,213,4
8495,64097,213,5
8496,64098,213,6
8497,64099,213,7
8498,64100,213,8
8499,64101,213,9
8500,64102,213,10
8501,64103,213,11
8502,64104,213,12
8503,64105,213,13
8504,64106,213,14
8505,64107,213,15
8506,64108,213,16
8507,64109,213,17
8508,64110,213,18
8509,64111,213,19
8510,64112,213,20
8511,64113,213,21
8512,64114,213,22
8513,64115,213,23
8514,64116,213,24
8515,64117,213,25
8516,64118,213,26
8517,64119,213,27
8518,65297,214,0
8519,65298,214,1
8520,64983,214,2
8521,64182,215,0
8522,64183,215,1
8523,64184,215,2
8524,64175,216,0
8525,64176,216,1
8526,64177,216,2
8527,64178,216,3
8528,64180,216,4
8529,64181,216,5
8530,64179,216,6
8531,65324,217,0
8532,65325,217,1
8533,65331,217,2
8534,65326,218,0
8535,65327,218,1
8536,65121,219,0
8537,65122,219,1
8538,64338,219,2
8539,66001,219,3
8540,65123,219,4
8541,65124,219,5
8542,65125,219,6
8543,65126,219,7
8544,65127,219,8
8545,65128,219,9
8546,65129,219,10
8547,65134,220,0
8548,65135,220,1
8549,65137,220,2
8550,65138,220,3
8551,64988,221,0
8552,64989,221,1
8553,64990,221,2
8554,64991,221,3
8555,64992,221,4
8556,64993,221,5
8557,64994,221,6
8558,64995,221,7
8559,64996,221,8
8560,64997,221,9
8561,64998,221,10
8562,64999,221,11
8563,65000,221,12
8564,65001,221,13
8565,65002,221,14
8566,64185,222,0
8567,64186,222,1
8568,65003,223,0
8569,65004,223,1
8570,65005,223,2
8571,65006,223,3
8572,65007,223,4
8573,65008,223,5
8574,64574,223,6
8575,64572,223,7
8576,64573,223,8
8577,64365,223,9
8578,64366,223,10
8579,64561,223,11
8580,65478,224,0
8581,65479,224,1
8582,65480,224,2
8583,65481,224,3
8584,65482,224,4
8585,65483,224,5
8586,65484,224,6
8587,65485,224,7
8588,65486,224,8
8589,65460,225,0
8590,65461,225,1
8591,65462,225,2
8592,65463,225,3
8593,65464,225,4
8594,65465,225,5
8595,65466,225,6
8596,65467,225,7
8597,65468,225,8
8598,65469,225,9
8599,65470,225,10
8600,65471,225,11
8601,65472,225,12
8602,65473,225,13
8603,65474,225,14
8604,65475,225,15
8605,65476,225,16
8606,65477,225,17
8607,65450,226,0
8608,65451,226,1
8609,65452,226,2
8610,65453,226,3
8611,65454,226,4
8612,65455,226,5
8613,65456,226,6
8614,65457,226,7
8615,65458,226,8
8616,65459,226,9
8617,65166,227,0
8618,65167,227,1
8619,65168,227,2
8620,65169,227,3
8621,65170,227,4
8622,65171,227,5
8623,65172,227,6
8624,65173,227,7
8625,65174,227,8
8626,65175,227,9
8627,65176,227,10
8628,65177,227,11
8629,65178,227,12
8630,65179,227,13
8631,65180,227,14
8632,65181,227,15
8633,65182,227,16
8634,65393,228,0
8635,65394,228,1
8636,65395,228,2
8637,65396,228,3
8638,65397,228,4
8639,65398,228,5
8640,65399,228,6
8641,65498,229,0
8642,65499,229,1
8643,65500,229,2
8644,65501,229,3
8645,65502,229,4
8646,65503,229,5
8647,65504,229,6
8648,65505,229,7
8649,64131,230,0
8650,64132,230,1
8651,64133,230,2
8652,64134,230,3
8653,64135,230,4
8654,64136,230,5
8655,64137,230,6
8656,64138,230,7
8657,64139,230,8
8658,64140,230,9
8659,64141,230,10
8660,64142,230,11
8661,64143,230,12
8662,64144,230,13
8663,64145,230,14
8664,64146,230,15
8665,64147,230,16
8666,64148,230,17
8667,64149,230,18
8668,64150,230,19
8669,64151,230,20
8670,64152,230,21
8671,64153,230,22
8672,64154,230,23
8673,64155,230,24
8674,64156,230,25
8675,64157,230,26
8676,64158,230,27
8677,64159,230,28
8678,64160,230,29
8679,64161,230,30
8680,64162,230,31
8681,64163,230,32
8682,64164,230,33
8683,64165,230,34
8684,64166,230,35
8685,64167,230,36
8686,64168,230,37
8687,64169,230,38
8688,64170,230,39
8689,64171,230,40
8690,64172,230,41
8691,64173,230,42
8692,64174,230,43
8693,65025,231,0
8694,65026,231,1
8695,65027,231,2
8696,65028,231,3
8697,65029,231,4
8698,65030,231,5
8699,65031,231,6
8700,65032,231,7
8701,65033,231,8
8702,65034,231,9
8703,65035,231,10
8704,65036,231,11
8705,65037,231,12
8706,65038,231,13
8707,65039,231,14
8708,65040,231,15
8709,65369,232,0
8710,65370,232,1
8711,65371,232,2
8712,65372,232,3
8713,65373,232,4
8714,65374,232,5
8715,65375,232,6
8716,65376,232,7
8717,65377,232,8
8718,65378,232,9
8719,65379,232,10
8720,65380,232,11
8721,65381,232,12
8722,65382,232,13
8723,65383,232,14
8724,65384,232,15
8725,65385,232,16
8726,65998,233,0
8727,66005,233,1
8728,65962,233,2
8729,65963,233,3
8730,65995,234,0
8731,65363,234,1
8732,65364,234,2
8733,65365,234,3
8734,65366,234,4
8735,65367,234,5
8736,65368,234,6
8737,65964,234,7
8738,65581,235,0
8739,65582,235,1
8740,65583,235,2
8741,65046,235,3
8742,65047,235,4
8743,65048,235,5
8744,65049,235,6
8745,65050,235,7
8746,65051,235,8
8747,65052,235,9
8748,65118,235,10
8749,65117,235,11
8750,65391,235,12
8751,65392,235,13
8752,65041,235,14
8753,65042,235,15
8754,65043,235,16
8755,65044,235,17
8756,65045,235,18
8757,65116,235,19
8758,65386,235,20
8759,65387,235,21
8760,65388,235,22
8761,65389,235,23
8762,65390,235,24
8763,65448,235,25
8764,65063,236,0
8765,65064,236,1
8766,65065,236,2
8767,65062,236,3
8768,65615,237,0
8769,65616,237,1
8770,65617,237,2
8771,65607,237,3
8772,65618,237,4
8773,65619,237,5
8774,65620,237,6
8775,65621,237,7
8776,65622,237,8
8777,65623,237,9
8778,65624,237,10
8779,65625,237,11
8780,65626,237,12
8781,65627,237,13
8782,65628,237,14
8783,65629,237,15
8784,65630,237,16
8785,65631,237,17
8786,65632,237,18
8787,65633,237,19
8788,65634,237,20
8789,65288,238,0
8790,65289,238,1
8791,65290,238,2
8792,65291,238,3
8793,65292,238,4
8794,65293,238,5
8795,65053,239,0
8796,65054,239,1
8797,65055,239,2
8798,65056,239,3
8799,65057,239,4
8800,65058,239,5
8801,65059,239,6
8802,65060,239,7
8803,65061,239,8
8804,65635,240,0
8805,65636,240,1
8806,65648,241,0
8807,65649,241,1
8808,65650,241,2
8809,65651,241,3
8810,65652,241,4
8811,65653,241,5
8812,65654,241,6
8813,65655,241,7
8814,65656,241,8
8815,65657,241,9
8816,65658,241,10
8817,65659,241,11
8818,65923,241,12
8819,65924,241,13
8820,65925,241,14
8821,65926,241,15
8822,65660,241,16
8823,65661,241,17
8824,65662,241,18
8825,65663,241,19
8826,65664,241,20
8827,65665,241,21
8828,65666,241,22
8829,65667,241,23
8830,65668,241,24
8831,65669,241,25
8832,65585,242,0
8833,65586,242,1
8834,65587,242,2
8835,65588,242,3
8836,65589,242,4
8837,65590,242,5
8838,65591,242,6
8839,65592,242,7
8840,65593,242,8
8841,65594,242,9
8842,65595,242,10
8843,65596,242,11
8844,65597,242,12
8845,65598,242,13
8846,65599,242,14
8847,65600,242,15
8848,65601,242,16
8849,65584,242,17
8850,65506,243,0
8851,65507,243,1
8852,65508,243,2
8853,65509,243,3
8854,65510,243,4
8855,65511,243,5
8856,65512,243,6
8857,65513,243,7
8858,65514,243,8
8859,65961,243,9
8860,65515,243,10
8861,65516,243,11
8862,65517,243,12
8863,65518,243,13
8864,65519,243,14
8865,65520,243,15
8866,65521,243,16
8867,65522,243,17
8868,65523,243,18
8869,65524,243,19
8870,65525,243,20
8871,65526,243,21
8872,65602,244,0
8873,65603,244,1
8874,65604,244,2
8875,65605,244,3
8876,65606,244,4
8877,66004,244,5
8878,65608,244,6
8879,65609,244,7
8880,65610,244,8
8881,65985,244,9
8882,65611,244,10
8883,65945,245,0
8884,65972,245,1
8885,65973,245,2
8886,65947,245,3
8887,65946,245,4
8888,65345,245,5
8889,65346,245,6
8890,65347,245,7
8891,65348,245,8
8892,65349,245,9
8893,65350,245,10
8894,65351,245,11
8895,65362,245,12
8896,65352,245,13
8897,65353,245,14
8898,65354,245,15
8899,65355,245,16
8900,65356,245,17
8901,65357,245,18
8902,65358,245,19
8903,65359,245,20
8904,65360,245,21
8905,65361,245,22
8906,64187,246,0
8907,64188,246,1
8908,64189,246,2
8909,64190,246,3
8910,64191,246,4
8911,65024,247,0
8912,65639,247,1
8913,65640,247,2
8914,65641,247,3
8915,65642,247,4
8916,65643,247,5
8917,65637,247,6
8918,65638,247,7
8919,65644,247,8
8920,65645,247,9
8921,65646,247,10
8922,65647,247,11
8923,65497,247,12
8924,65580,247,13
8925,65449,247,14
8926,65916,247,15
8927,64192,248,0
8928,64193,248,1
8929,64194,248,2
8930,64195,249,0
8931,64196,249,1
8932,64197,249,2
8933,64198,249,3
8934,64199,249,4
8935,64203,250,0
8936,65707,250,1
8937,65708,250,2
8938,64204,250,3
8939,64224,251,0
8940,64225,251,1
8941,64226,251,2
8942,64227,251,3
8943,64228,251,4
8944,64229,251,5
8945,64230,251,6
8946,64231,251,7
8947,64232,251,8
8948,64233,251,9
8949,64234,251,10
8950,64235,251,11
8951,64236,251,12
8952,64287,252,0
8953,64288,252,1
8954,64289,252,2
8955,64290,252,3
8956,64291,252,4
8957,64292,252,5
8958,64293,252,6
8959,65733,252,7
8960,65734,252,8
8961,65735,252,9
8962,65736,252,10
8963,65722,253,0
8964,65723,253,1
8965,65724,253,2
8966,65725,253,3
8967,65726,253,4
8968,66019,253,5
8969,66021,253,6
8970,65727,253,7
8971,65538,254,0
8972,65539,254,1
8973,65540,254,2
8974,65541,254,3
8975,65542,254,4
8976,65543,254,5
8977,65544,254,6
8978,65545,254,7
8979,65546,254,8
8980,65547,254,9
8981,64218,255,0
8982,64219,255,1
8983,64220,255,2
8984,64221,255,3
8985,64222,255,4
8986,64223,255,5
8987,64264,256,0
8988,64265,256,1
8989,64266,256,2
8990,64267,256,3
8991,64268,256,4
8992,64269,256,5
8993,64270,256,6
8994,64271,256,7
8995,64272,256,8
8996,64273,256,9
8997,64274,256,10
8998,64275,256,11
8999,64276,256,12
9000,64277,256,13
9001,64278,256,14
9002,64279,256,15
9003,64280,256,16
9004,64281,256,17
9005,64282,256,18
9006,64283,256,19
9007,64284,256,20
9008,64285,256,21
9009,64286,256,22
9010,65066,256,23
9011,65067,256,24
9012,65068,256,25
9013,65069,256,26
9014,65070,256,27
9015,64214,257,0
9016,64215,257,1
9017,64216,257,2
9018,64217,257,3
9019,64261,258,0
9020,64262,258,1
9021,65071,258,2
9022,65072,258,3
9023,65073,258,4
9024,65074,258,5
9025,65075,258,6
9026,65076,258,7
9027,65077,258,8
9028,65078,258,9
9029,65079,258,10
9030,65080,258,11
9031,65081,258,12
9032,65082,258,13
9033,65083,258,14
9034,65084,258,15
9035,65085,258,16
9036,65086,259,0
9037,65087,259,1
9038,65088,259,2
9039,65089,259,3
9040,65090,259,4
9041,65091,259,5
9042,65092,259,6
9043,65093,259,7
9044,65094,259,8
9045,65095,259,9
9046,65096,259,10
9047,65097,259,11
9048,65098,259,12
9049,65099,259,13
9050,65100,259,14
9051,65101,259,15
9052,65102,259,16
9053,65103,259,17
9054,65104,259,18
9055,65105,259,19
9056,65106,259,20
9057,65107,259,21
9058,65108,259,22
9059,65109,259,23
9060,65110,259,24
9061,65111,259,25
9062,65112,259,26
9063,65113,259,27
9064,65710,260,0
9065,65711,260,1
9066,65712,260,2
9067,65713,260,3
9068,65714,260,4
9069,65982,260,5
9070,65983,260,6
9071,65715,260,7
9072,65716,260,8
9073,65717,260,9
9074,65718,260,10
9075,65996,260,11
9076,65719,260,12
9077,65720,260,13
9078,65721,260,14
9079,64205,261,0
9080,64206,261,1
9081,64207,261,2
9082,64208,261,3
9083,64209,261,4
9084,64210,261,5
9085,64211,261,6
9086,64212,261,7
9087,64213,261,8
9088,65728,262,0
9089,65729,262,1
9090,65730,262,2
9091,65731,262,3
9092,65732,262,4
9093,65737,262,5
9094,65738,262,6
9095,65739,262,7
9096,65740,262,8
9097,65741,262,9
9098,65742,262,10
9099,65743,262,11
9100,65744,262,12
9101,65687,263,0
9102,65688,263,1
9103,65689,263,2
9104,65690,263,3
9105,65691,263,4
9106,65692,263,5
9107,65693,263,6
9108,65694,263,7
9109,65695,263,8
9110,65696,263,9
9111,65697,263,10
9112,65698,263,11
9113,65699,263,12
9114,65700,263,13
9115,65701,263,14
9116,65702,263,15
9117,65703,263,16
9118,65704,263,17
9119,65705,263,18
9120,65706,263,19
9121,65764,264,0
9122,65765,264,1
9123,65766,264,2
9124,65767,264,3
9125,65768,264,4
9126,65769,264,5
9127,65770,264,6
9128,65771,264,7
9129,65772,264,8
9130,65773,264,9
9131,65774,264,10
9132,65775,264,11
9133,65776,264,12
9134,65777,264,13
9135,65778,264,14
9136,65746,265,0
9137,65747,265,1
9138,65748,265,2
9139,65749,265,3
9140,65750,265,4
9141,65751,265,5
9142,65752,265,6
9143,65753,265,7
9144,65754,265,8
9145,65755,265,9
9146,65756,265,10
9147,65757,265,11
9148,65758,265,12
9149,65759,265,13
9150,65760,265,14
9151,65761,265,15
9152,65762,265,16
9153,65763,265,17
9154,66012,265,18
9155,65807,266,0
9156,65794,266,1
9157,65795,266,2
9158,65796,266,3
9159,65797,266,4
9160,65798,266,5
9161,65799,266,6
9162,65800,266,7
9163,65801,266,8
9164,65802,266,9
9165,65803,266,10
9166,65804,266,11
9167,65986,266,12
9168,65805,266,13
9169,65987,266,14
9170,65806,266,15
9171,65786,267,0
9172,65787,267,1
9173,65788,267,2
9174,65789,267,3
9175,65790,267,4
9176,65791,267,5
9177,65792,267,6
9178,65793,267,7
9179,65670,268,0
9180,65671,268,1
9181,65672,268,2
9182,65673,268,3
9183,65674,268,4
9184,65675,268,5
9185,65676,268,6
9186,65677,268,7
9187,65678,268,8
9188,65679,268,9
9189,65680,269,0
9190,65681,269,1
9191,65682,269,2
9192,65683,269,3
9193,65684,269,4
9194,65685,269,5
9195,65686,269,6
9196,65934,270,0
9197,65935,270,1
9198,65936,270,2
9199,65937,270,3
9200,65938,270,4
9201,65939,270,5
9202,65940,270,6
9203,65941,270,7
9204,65942,270,8
9205,65943,270,9
9206,65779,270,10
9207,65780,270,11
9208,65781,270,12
9209,65782,270,13
9210,65783,270,14
9211,65784,270,15
9212,65785,270,16
9213,64200,271,0
9214,64201,271,1
9215,64202,271,2
9216,64263,272,0
9217,64259,272,1
9218,64260,272,2
9219,65119,272,3
9220,65120,272,4
9221,65709,273,0
9222,65431,274,0
9223,65432,274,1
9224,65433,274,2
9225,65434,274,3
9226,65435,274,4
9227,65436,274,5
9228,65437,274,6
9229,65438,274,7
9230,65439,274,8
9231,65440,274,9
9232,65441,274,10
9233,65442,274,11
9234,65443,274,12
9235,65444,274,13
9236,65445,274,14
9237,65446,274,15
9238,65447,274,16
9239,65400,276,0
9240,65401,276,1
9241,65402,276,2
9242,65403,276,3
9243,65404,276,4
9244,65405,276,5
9245,65406,276,6
9246,65407,276,7
9247,65408,276,8
9248,65409,276,9
9249,65410,276,10
9250,65411,276,11
9251,65412,276,12
9252,65413,276,13
9253,65414,276,14
9254,65415,276,15
9255,65416,276,16
9256,65417,276,17
9257,65418,276,18
9258,65419,276,19
9259,65420,276,20
9260,65421,276,21
9261,65422,276,22
9262,65423,276,23
9263,65424,276,24
9264,65425,276,25
9265,65426,276,26
9266,65427,276,27
9267,65428,276,28
9268,65429,276,29
9269,65430,276,30
9270,65839,277,0
9271,65840,277,1
9272,65841,277,2
9273,65842,277,3
9274,65843,277,4
9275,65844,277,5
9276,65845,277,6
9277,65846,277,7
9278,65847,277,8
9279,65848,277,9
9280,65849,277,10
9281,65850,277,11
9282,65527,278,0
9283,65528,278,1
9284,65529,278,2
9285,65530,278,3
9286,65531,278,4
9287,65532,278,5
9288,65533,278,6
9289,65534,278,7
9290,65535,278,8
9291,65536,278,9
9292,65537,278,10
9293,64238,279,0
9294,64239,279,1
9295,64240,279,2
9296,64241,279,3
9297,64242,279,4
9298,64243,279,5
9299,64244,279,6
9300,64245,279,7
9301,64246,279,8
9302,64247,279,9
9303,64248,279,10
9304,64249,279,11
9305,64250,279,12
9306,64251,279,13
9307,64252,279,14
9308,64253,279,15
9309,64254,279,16
9310,64255,279,17
9311,64256,279,18
9312,64257,279,19
9313,64258,279,20
9314,65207,280,0
9315,65208,280,1
9316,65209,280,2
9317,65210,280,3
9318,65211,280,4
9319,65212,280,5
9320,65213,280,6
9321,65214,280,7
9322,65215,280,8
9323,65216,280,9
9324,65217,280,10
9325,65218,280,11
9326,65219,280,12
9327,65220,280,13
9328,65221,280,14
9329,65222,280,15
9330,65223,280,16
9331,65224,280,17
9332,65225,280,18
9333,65226,280,19
9334,65227,280,20
9335,65228,280,21
9336,65229,280,22
9337,65230,280,23
9338,65231,280,24
9339,65232,280,25
9340,65233,280,26
9341,65234,280,27
9342,65235,280,28
9343,65236,280,29
9344,65237,280,30
9345,65238,280,31
9346,65239,280,32
9347,65253,280,33
9348,64311,280,34
9349,65254,280,35
9350,65255,280,36
9351,65851,281,0
9352,65852,281,1
9353,65853,281,2
9354,65247,281,3
9355,65248,281,4
9356,65249,281,5
9357,65250,281,6
9358,65251,281,7
9359,65195,282,0
9360,65196,282,1
9361,65197,282,2
9362,65198,282,3
9363,65199,282,4
9364,65200,282,5
9365,65201,282,6
9366,65202,282,7
9367,65203,282,8
9368,65204,282,9
9369,65205,282,10
9370,65206,282,11
9371,65242,282,12
9372,65243,282,13
9373,65244,282,14
9374,65245,282,15
9375,65246,282,16
9376,65555,283,0
9377,65556,283,1
9378,65557,283,2
9379,65558,283,3
9380,65559,283,4
9381,65560,283,5
9382,65561,283,6
9383,65562,283,7
9384,65563,283,8
9385,65564,283,9
9386,65565,283,10
9387,65566,283,11
9388,65567,283,12
9389,65612,283,13
9390,65613,283,14
9391,65614,283,15
9392,65568,283,16
9393,65569,283,17
9394,65570,283,18
9395,65571,283,19
9396,65572,283,20
9397,65573,283,21
9398,65574,283,22
9399,65575,283,23
9400,65576,283,24
9401,65577,283,25
9402,65578,283,26
9403,65579,283,27
9404,64296,284,0
9405,64297,284,1
9406,64298,284,2
9407,64299,284,3
9408,66017,284,4
9409,65999,284,5
9410,65548,284,6
9411,65549,284,7
9412,65550,284,8
9413,65240,284,9
9414,65241,284,10
9415,65920,284,11
9416,65551,284,12
9417,65552,284,13
9418,65553,284,14
9419,65554,284,15
9420,65183,285,0
9421,65184,285,1
9422,65185,285,2
9423,65186,285,3
9424,65187,285,4
9425,65188,285,5
9426,65189,285,6
9427,65190,285,7
9428,65191,285,8
9429,65192,285,9
9430,65193,285,10
9431,65194,285,11
9432,65911,286,0
9433,65912,286,1
9434,65913,286,2
9435,65914,286,3
9436,65833,287,0
9437,65834,287,1
9438,65835,287,2
9439,65836,287,3
9440,65837,287,4
9441,65838,287,5
9442,65882,288,0
9443,65883,288,1
9444,65884,288,2
9445,65885,288,3
9446,65252,289,0
9447,65855,289,1
9448,65856,289,2
9449,65857,289,3
9450,65858,289,4
9451,65859,289,5
9452,65860,289,6
9453,65861,289,7
9454,65862,289,8
9455,65863,289,9
9456,65864,289,10
9457,65865,289,11
9458,65866,289,12
9459,65867,289,13
9460,65868,289,14
9461,65869,289,15
9462,65870,289,16
9463,65871,289,17
9464,65872,289,18
9465,65854,289,19
9466,65818,290,0
9467,65819,290,1
9468,65820,290,2
9469,65821,290,3
9470,65822,290,4
9471,65823,290,5
9472,65824,290,6
9473,65825,290,7
9474,65826,290,8
9475,65827,290,9
9476,65828,290,10
9477,65829,290,11
9478,65830,290,12
9479,65831,290,13
9480,65832,290,14
9481,65873,291,0
9482,65874,291,1
9483,65875,291,2
9484,65876,291,3
9485,65877,291,4
9486,65878,291,5
9487,65879,291,6
9488,65880,291,7
9489,65881,291,8
9490,65892,292,0
9491,65893,292,1
9492,65894,292,2
9493,65895,292,3
9494,65896,292,4
9495,65897,292,5
9496,65898,292,6
9497,65899,292,7
9498,65900,292,8
9499,65901,292,9
9500,65902,292,10
9501,65903,292,11
9502,65904,292,12
9503,65905,292,13
9504,65906,292,14
9505,65907,292,15
9506,65908,292,16
9507,65909,292,17
9508,65910,292,18
9509,65487,293,0
9510,65488,293,1
9511,65489,293,2
9512,65490,293,3
9513,65491,293,4
9514,65492,293,5
9515,65493,293,6
9516,65494,293,7
9517,65495,293,8
9518,65496,293,9
9519,65886,294,0
9520,65887,294,1
9521,65888,294,2
9522,65889,294,3
9523,65890,294,4
9524,65891,294,5
9525,64237,295,0
9526,65808,296,0
9527,65809,296,1
9528,65810,296,2
9529,65745,297,0
9530,64294,297,1
9531,64295,297,2
9532,66009,298,0
9533,64593,298,1
9534,65978,299,0
9535,65979,299,1
9536,66018,299,2
9537,66020,299,3
9538,64529,299,4
9539,66008,299,5
9540,64676,300,0
9541,64677,300,1
9542,64678,300,2
9543,64679,300,3
9544,64672,300,4
9545,64673,300,5
9546,64674,300,6
9547,64675,300,7
9548,64680,300,8
9549,64681,300,9
9550,64682,300,10
9551,64683,300,11
9552,64640,301,0
9553,64641,301,1
9554,64642,301,2
9555,64643,301,3
9556,64644,301,4
9557,64645,301,5
9558,64741,302,0
9559,64742,302,1
9560,64762,303,0
9561,65981,304,0
9562,64387,305,0
